Date,Ticker,Forecast,Days_Ahead
2024-09-27,TA-35,2087.0466,1
2024-09-28,TA-35,1917.8448,2
2024-09-29,TA-35,1795.4977,3
2024-09-30,TA-35,1703.4994,4
2024-10-01,TA-35,1632.9066,5
2024-10-02,TA-35,1578.2017,6
2024-10-03,TA-35,1535.6335,7
2024-10-04,TA-35,1502.476,8
2024-10-05,TA-35,1476.6633,9
2024-10-06,TA-35,1456.5945,10
2024-10-07,TA-35,1441.0149,11
2024-10-08,TA-35,1428.9387,12
2024-10-09,TA-35,1419.5903,13
2024-10-10,TA-35,1412.3623,14
2024-10-11,TA-35,1406.7788,15
2024-10-12,TA-35,1402.4692,16
2024-10-13,TA-35,1399.145,17
2024-10-14,TA-35,1396.5822,18
2024-10-15,TA-35,1394.607,19
2024-10-16,TA-35,1393.0853,20
2024-10-17,TA-35,1391.9132,21
2024-10-18,TA-35,1391.0105,22
2024-10-19,TA-35,1390.3156,23
2024-10-20,TA-35,1389.7804,24
2024-10-21,TA-35,1389.3685,25
2024-10-22,TA-35,1389.0514,26
2024-10-23,TA-35,1388.8074,27
2024-10-24,TA-35,1388.6194,28
2024-10-25,TA-35,1388.4749,29
2024-10-26,TA-35,1388.3635,30
2024-11-01,TA-125 Fossil Free,2006.0818,1
2024-11-02,TA-125 Fossil Free,1943.2388,2
2024-11-03,TA-125 Fossil Free,1885.569,3
2024-11-04,TA-125 Fossil Free,1830.7305,4
2024-11-05,TA-125 Fossil Free,1777.0763,5
2024-11-06,TA-125 Fossil Free,1723.4266,6
2024-11-07,TA-125 Fossil Free,1669.0023,7
2024-11-08,TA-125 Fossil Free,1613.4799,8
2024-11-09,TA-125 Fossil Free,1557.1339,9
2024-11-10,TA-125 Fossil Free,1501.0062,10
2024-11-11,TA-125 Fossil Free,1446.9634,11
2024-11-12,TA-125 Fossil Free,1397.4407,12
2024-11-13,TA-125 Fossil Free,1354.79,13
2024-11-14,TA-125 Fossil Free,1320.4834,14
2024-11-15,TA-125 Fossil Free,1294.6672,15
2024-11-16,TA-125 Fossil Free,1276.3384,16
2024-11-17,TA-125 Fossil Free,1263.9125,17
2024-11-18,TA-125 Fossil Free,1255.7689,18
2024-11-19,TA-125 Fossil Free,1250.5555,19
2024-11-20,TA-125 Fossil Free,1247.2697,20
2024-11-21,TA-125 Fossil Free,1245.2194,21
2024-11-22,TA-125 Fossil Free,1243.9481,22
2024-11-23,TA-125 Fossil Free,1243.1631,23
2024-11-24,TA-125 Fossil Free,1242.6793,24
2024-11-25,TA-125 Fossil Free,1242.382,25
2024-11-26,TA-125 Fossil Free,1242.199,26
2024-11-27,TA-125 Fossil Free,1242.0868,27
2024-11-28,TA-125 Fossil Free,1242.0177,28
2024-11-29,TA-125 Fossil Free,1241.9755,29
2024-11-30,TA-125 Fossil Free,1241.9495,30
2024-11-01,TA-125,2182.7568,1
2024-11-02,TA-125,2103.053,2
2024-11-03,TA-125,2043.3097,3
2024-11-04,TA-125,1996.8553,4
2024-11-05,TA-125,1959.7634,5
2024-11-06,TA-125,1929.5515,6
2024-11-07,TA-125,1904.5619,7
2024-11-08,TA-125,1883.639,8
2024-11-09,TA-125,1865.9492,9
2024-11-10,TA-125,1850.8729,10
2024-11-11,TA-125,1837.939,11
2024-11-12,TA-125,1826.7819,12
2024-11-13,TA-125,1817.1124,13
2024-11-14,TA-125,1808.6992,14
2024-11-15,TA-125,1801.355,15
2024-11-16,TA-125,1794.9249,16
2024-11-17,TA-125,1789.2812,17
2024-11-18,TA-125,1784.3174,18
2024-11-19,TA-125,1779.9434,19
2024-11-20,TA-125,1776.0824,20
2024-11-21,TA-125,1772.6697,21
2024-11-22,TA-125,1769.6495,22
2024-11-23,TA-125,1766.9736,23
2024-11-24,TA-125,1764.6005,24
2024-11-25,TA-125,1762.4943,25
2024-11-26,TA-125,1760.6233,26
2024-11-27,TA-125,1758.9604,27
2024-11-28,TA-125,1757.4813,28
2024-11-29,TA-125,1756.1653,29
2024-11-30,TA-125,1754.9939,30
2024-11-01,TA Sector-Balance,2437.86,1
2024-11-02,TA Sector-Balance,2394.031,2
2024-11-03,TA Sector-Balance,2356.1963,3
2024-11-04,TA Sector-Balance,2323.1782,4
2024-11-05,TA Sector-Balance,2294.0989,5
2024-11-06,TA Sector-Balance,2268.2903,6
2024-11-07,TA Sector-Balance,2245.232,7
2024-11-08,TA Sector-Balance,2224.5127,8
2024-11-09,TA Sector-Balance,2205.802,9
2024-11-10,TA Sector-Balance,2188.8318,10
2024-11-11,TA Sector-Balance,2173.38,11
2024-11-12,TA Sector-Balance,2159.263,12
2024-11-13,TA Sector-Balance,2146.326,13
2024-11-14,TA Sector-Balance,2134.438,14
2024-11-15,TA Sector-Balance,2123.4873,15
2024-11-16,TA Sector-Balance,2113.3774,16
2024-11-17,TA Sector-Balance,2104.0256,17
2024-11-18,TA Sector-Balance,2095.359,18
2024-11-19,TA Sector-Balance,2087.314,19
2024-11-20,TA Sector-Balance,2079.8347,20
2024-11-21,TA Sector-Balance,2072.872,21
2024-11-22,TA Sector-Balance,2066.382,22
2024-11-23,TA Sector-Balance,2060.3254,23
2024-11-24,TA Sector-Balance,2054.6675,24
2024-11-25,TA Sector-Balance,2049.3765,25
2024-11-26,TA Sector-Balance,2044.4243,26
2024-11-27,TA Sector-Balance,2039.7853,27
2024-11-28,TA Sector-Balance,2035.436,28
2024-11-29,TA Sector-Balance,2031.3556,29
2024-11-30,TA Sector-Balance,2027.5253,30
2024-11-01,TA-90,2292.7341,1
2024-11-02,TA-90,2248.015,2
2024-11-03,TA-90,2210.1062,3
2024-11-04,TA-90,2177.642,4
2024-11-05,TA-90,2149.605,5
2024-11-06,TA-90,2125.2175,6
2024-11-07,TA-90,2103.8755,7
2024-11-08,TA-90,2085.1008,8
2024-11-09,TA-90,2068.511,9
2024-11-10,TA-90,2053.7932,10
2024-11-11,TA-90,2040.6924,11
2024-11-12,TA-90,2028.9954,12
2024-11-13,TA-90,2018.5239,13
2024-11-14,TA-90,2009.1276,14
2024-11-15,TA-90,2000.6785,15
2024-11-16,TA-90,1993.0671,16
2024-11-17,TA-90,1986.1989,17
2024-11-18,TA-90,1979.992,18
2024-11-19,TA-90,1974.3754,19
2024-11-20,TA-90,1969.2866,20
2024-11-21,TA-90,1964.6714,21
2024-11-22,TA-90,1960.4813,22
2024-11-23,TA-90,1956.6738,23
2024-11-24,TA-90,1953.2113,24
2024-11-25,TA-90,1950.0604,25
2024-11-26,TA-90,1947.1908,26
2024-11-27,TA-90,1944.576,27
2024-11-28,TA-90,1942.1924,28
2024-11-29,TA-90,1940.0181,29
2024-11-30,TA-90,1938.0338,30
2024-11-01,TACombo – 90&Banks-5,2355.5205,1
2024-11-02,TACombo – 90&Banks-5,2322.6885,2
2024-11-03,TACombo – 90&Banks-5,2307.301,3
2024-11-04,TACombo – 90&Banks-5,2299.4604,4
2024-11-05,TACombo – 90&Banks-5,2295.3032,5
2024-11-06,TACombo – 90&Banks-5,2293.0535,6
2024-11-07,TACombo – 90&Banks-5,2291.8225,7
2024-11-08,TACombo – 90&Banks-5,2291.1453,8
2024-11-09,TACombo – 90&Banks-5,2290.7712,9
2024-11-10,TACombo – 90&Banks-5,2290.5645,10
2024-11-11,TACombo – 90&Banks-5,2290.45,11
2024-11-12,TACombo – 90&Banks-5,2290.3867,12
2024-11-13,TACombo – 90&Banks-5,2290.3516,13
2024-11-14,TACombo – 90&Banks-5,2290.332,14
2024-11-15,TACombo – 90&Banks-5,2290.3213,15
2024-11-16,TACombo – 90&Banks-5,2290.3154,16
2024-11-17,TACombo – 90&Banks-5,2290.312,17
2024-11-18,TACombo – 90&Banks-5,2290.31,18
2024-11-19,TACombo – 90&Banks-5,2290.309,19
2024-11-20,TACombo – 90&Banks-5,2290.3086,20
2024-11-21,TACombo – 90&Banks-5,2290.308,21
2024-11-22,TACombo – 90&Banks-5,2290.308,22
2024-11-23,TACombo – 90&Banks-5,2290.3079,23
2024-11-24,TACombo – 90&Banks-5,2290.3079,24
2024-11-25,TACombo – 90&Banks-5,2290.3079,25
2024-11-26,TACombo – 90&Banks-5,2290.3079,26
2024-11-27,TACombo – 90&Banks-5,2290.3079,27
2024-11-28,TACombo – 90&Banks-5,2290.3079,28
2024-11-29,TACombo – 90&Banks-5,2290.3079,29
2024-11-30,TACombo – 90&Banks-5,2290.3079,30
2024-11-01,TA-SME60,856.1421,1
2024-11-02,TA-SME60,885.5582,2
2024-11-03,TA-SME60,911.6162,3
2024-11-04,TA-SME60,934.16815,4
2024-11-05,TA-SME60,953.28326,5
2024-11-06,TA-SME60,969.1944,6
2024-11-07,TA-SME60,982.23566,7
2024-11-08,TA-SME60,992.7882,8
2024-11-09,TA-SME60,1001.2374,9
2024-11-10,TA-SME60,1007.9452,10
2024-11-11,TA-SME60,1013.2342,11
2024-11-12,TA-SME60,1017.3817,12
2024-11-13,TA-SME60,1020.62054,13
2024-11-14,TA-SME60,1023.14136,14
2024-11-15,TA-SME60,1025.0981,15
2024-11-16,TA-SME60,1026.6138,16
2024-11-17,TA-SME60,1027.7861,17
2024-11-18,TA-SME60,1028.6919,18
2024-11-19,TA-SME60,1029.3909,19
2024-11-20,TA-SME60,1029.9298,20
2024-11-21,TA-SME60,1030.3452,21
2024-11-22,TA-SME60,1030.6654,22
2024-11-23,TA-SME60,1030.912,23
2024-11-24,TA-SME60,1031.1018,24
2024-11-25,TA-SME60,1031.2479,25
2024-11-26,TA-SME60,1031.3604,26
2024-11-27,TA-SME60,1031.447,27
2024-11-28,TA-SME60,1031.5137,28
2024-11-29,TA-SME60,1031.5648,29
2024-11-30,TA-SME60,1031.6044,30
2024-11-01,TA-MidCap150,1405.1478,1
2024-11-02,TA-MidCap150,1372.9039,2
2024-11-03,TA-MidCap150,1344.1346,3
2024-11-04,TA-MidCap150,1318.3976,4
2024-11-05,TA-MidCap150,1295.3271,5
2024-11-06,TA-MidCap150,1274.6161,6
2024-11-07,TA-MidCap150,1256.0023,7
2024-11-08,TA-MidCap150,1239.2605,8
2024-11-09,TA-MidCap150,1224.1935,9
2024-11-10,TA-MidCap150,1210.6289,10
2024-11-11,TA-MidCap150,1198.4143,11
2024-11-12,TA-MidCap150,1187.4136,12
2024-11-13,TA-MidCap150,1177.5057,13
2024-11-14,TA-MidCap150,1168.5825,14
2024-11-15,TA-MidCap150,1160.5465,15
2024-11-16,TA-MidCap150,1153.3103,16
2024-11-17,TA-MidCap150,1146.7947,17
2024-11-18,TA-MidCap150,1140.9288,18
2024-11-19,TA-MidCap150,1135.6488,19
2024-11-20,TA-MidCap150,1130.8965,20
2024-11-21,TA-MidCap150,1126.62,21
2024-11-22,TA-MidCap150,1122.772,22
2024-11-23,TA-MidCap150,1119.3099,23
2024-11-24,TA-MidCap150,1116.1957,24
2024-11-25,TA-MidCap150,1113.3945,25
2024-11-26,TA-MidCap150,1110.8755,26
2024-11-27,TA-MidCap150,1108.61,27
2024-11-28,TA-MidCap150,1106.5731,28
2024-11-29,TA-MidCap150,1104.7417,29
2024-11-30,TA-MidCap150,1103.0951,30
2024-11-01,TA-Growth,1657.615,1
2024-11-02,TA-Growth,1560.914,2
2024-11-03,TA-Growth,1481.83,3
2024-11-04,TA-Growth,1416.6989,4
2024-11-05,TA-Growth,1362.8645,5
2024-11-06,TA-Growth,1318.3021,6
2024-11-07,TA-Growth,1281.4094,7
2024-11-08,TA-Growth,1250.8861,8
2024-11-09,TA-Growth,1225.659,9
2024-11-10,TA-Growth,1204.8353,10
2024-11-11,TA-Growth,1187.6682,11
2024-11-12,TA-Growth,1173.5332,12
2024-11-13,TA-Growth,1161.9078,13
2024-11-14,TA-Growth,1152.3566,14
2024-11-15,TA-Growth,1144.516,15
2024-11-16,TA-Growth,1138.0848,16
2024-11-17,TA-Growth,1132.8132,17
2024-11-18,TA-Growth,1128.4944,18
2024-11-19,TA-Growth,1124.9579,19
2024-11-20,TA-Growth,1122.0632,20
2024-11-21,TA-Growth,1119.6945,21
2024-11-22,TA-Growth,1117.7567,22
2024-11-23,TA-Growth,1116.172,23
2024-11-24,TA-Growth,1114.876,24
2024-11-25,TA-Growth,1113.8164,25
2024-11-26,TA-Growth,1112.9502,26
2024-11-27,TA-Growth,1112.2422,27
2024-11-28,TA-Growth,1111.6635,28
2024-11-29,TA-Growth,1111.1904,29
2024-11-30,TA-Growth,1110.8038,30
2024-11-01,TA-AllShare,1989.4628,1
2024-11-02,TA-AllShare,1958.3477,2
2024-11-03,TA-AllShare,1931.4171,3
2024-11-04,TA-AllShare,1907.9153,4
2024-11-05,TA-AllShare,1887.264,5
2024-11-06,TA-AllShare,1869.0122,6
2024-11-07,TA-AllShare,1852.8013,7
2024-11-08,TA-AllShare,1838.3425,8
2024-11-09,TA-AllShare,1825.3995,9
2024-11-10,TA-AllShare,1813.7769,10
2024-11-11,TA-AllShare,1803.311,11
2024-11-12,TA-AllShare,1793.8644,12
2024-11-13,TA-AllShare,1785.3193,13
2024-11-14,TA-AllShare,1777.5753,14
2024-11-15,TA-AllShare,1770.5454,15
2024-11-16,TA-AllShare,1764.1548,16
2024-11-17,TA-AllShare,1758.3373,17
2024-11-18,TA-AllShare,1753.0353,18
2024-11-19,TA-AllShare,1748.1981,19
2024-11-20,TA-AllShare,1743.7809,20
2024-11-21,TA-AllShare,1739.7433,21
2024-11-22,TA-AllShare,1736.0502,22
2024-11-23,TA-AllShare,1732.6698,23
2024-11-24,TA-AllShare,1729.5737,24
2024-11-25,TA-AllShare,1726.7362,25
2024-11-26,TA-AllShare,1724.1345,26
2024-11-27,TA-AllShare,1721.7478,27
2024-11-28,TA-AllShare,1719.5573,28
2024-11-29,TA-AllShare,1717.5463,29
2024-11-30,TA-AllShare,1715.6991,30
2024-11-01,TA-Rimon,2231.7969,1
2024-11-02,TA-Rimon,2242.0598,2
2024-11-03,TA-Rimon,2251.1658,3
2024-11-04,TA-Rimon,2259.2202,4
2024-11-05,TA-Rimon,2266.3257,5
2024-11-06,TA-Rimon,2272.5784,6
2024-11-07,TA-Rimon,2278.0696,7
2024-11-08,TA-Rimon,2282.8826,8
2024-11-09,TA-Rimon,2287.0935,9
2024-11-10,TA-Rimon,2290.7725,10
2024-11-11,TA-Rimon,2293.9832,11
2024-11-12,TA-Rimon,2296.7812,12
2024-11-13,TA-Rimon,2299.2178,13
2024-11-14,TA-Rimon,2301.3374,14
2024-11-15,TA-Rimon,2303.1804,15
2024-11-16,TA-Rimon,2304.7812,16
2024-11-17,TA-Rimon,2306.1714,17
2024-11-18,TA-Rimon,2307.3777,18
2024-11-19,TA-Rimon,2308.4243,19
2024-11-20,TA-Rimon,2309.3318,20
2024-11-21,TA-Rimon,2310.118,21
2024-11-22,TA-Rimon,2310.7998,22
2024-11-23,TA-Rimon,2311.3904,23
2024-11-24,TA-Rimon,2311.9016,24
2024-11-25,TA-Rimon,2312.3447,25
2024-11-26,TA-Rimon,2312.728,26
2024-11-27,TA-Rimon,2313.0603,27
2024-11-28,TA-Rimon,2313.348,28
2024-11-29,TA-Rimon,2313.5967,29
2024-11-30,TA-Rimon,2313.8123,30
2024-11-01,TA-125EW,2076.2585,1
2024-11-02,TA-125EW,2063.6777,2
2024-11-03,TA-125EW,2050.5435,3
2024-11-04,TA-125EW,2036.8322,4
2024-11-05,TA-125EW,2022.5248,5
2024-11-06,TA-125EW,2007.6083,6
2024-11-07,TA-125EW,1992.0775,7
2024-11-08,TA-125EW,1975.9381,8
2024-11-09,TA-125EW,1959.2084,9
2024-11-10,TA-125EW,1941.9229,10
2024-11-11,TA-125EW,1924.1345,11
2024-11-12,TA-125EW,1905.917,12
2024-11-13,TA-125EW,1887.3673,13
2024-11-14,TA-125EW,1868.6055,14
2024-11-15,TA-125EW,1849.7744,15
2024-11-16,TA-125EW,1831.0361,16
2024-11-17,TA-125EW,1812.5681,17
2024-11-18,TA-125EW,1794.5548,18
2024-11-19,TA-125EW,1777.1796,19
2024-11-20,TA-125EW,1760.6145,20
2024-11-21,TA-125EW,1745.0106,21
2024-11-22,TA-125EW,1730.4901,22
2024-11-23,TA-125EW,1717.1404,23
2024-11-24,TA-125EW,1705.0107,24
2024-11-25,TA-125EW,1694.1135,25
2024-11-26,TA-125EW,1684.4269,26
2024-11-27,TA-125EW,1675.9009,27
2024-11-28,TA-125EW,1668.4636,28
2024-11-29,TA-125EW,1662.0282,29
2024-11-30,TA-125EW,1656.4998,30
2024-11-01,TA125-Value,2176.5723,1
2024-11-02,TA125-Value,2199.9153,2
2024-11-03,TA125-Value,2219.5254,3
2024-11-04,TA125-Value,2235.106,4
2024-11-05,TA125-Value,2246.929,5
2024-11-06,TA125-Value,2255.5845,6
2024-11-07,TA125-Value,2261.753,7
2024-11-08,TA125-Value,2266.0645,8
2024-11-09,TA125-Value,2269.037,9
2024-11-10,TA125-Value,2271.0671,10
2024-11-11,TA125-Value,2272.4443,11
2024-11-12,TA125-Value,2273.3745,12
2024-11-13,TA125-Value,2274.0007,13
2024-11-14,TA125-Value,2274.4216,14
2024-11-15,TA125-Value,2274.704,15
2024-11-16,TA125-Value,2274.8936,16
2024-11-17,TA125-Value,2275.0205,17
2024-11-18,TA125-Value,2275.1055,18
2024-11-19,TA125-Value,2275.1626,19
2024-11-20,TA125-Value,2275.2007,20
2024-11-21,TA125-Value,2275.226,21
2024-11-22,TA125-Value,2275.243,22
2024-11-23,TA125-Value,2275.2546,23
2024-11-24,TA125-Value,2275.2622,24
2024-11-25,TA125-Value,2275.2673,25
2024-11-26,TA125-Value,2275.2708,26
2024-11-27,TA125-Value,2275.2732,27
2024-11-28,TA125-Value,2275.2747,28
2024-11-29,TA125-Value,2275.2756,29
2024-11-30,TA125-Value,2275.2761,30
2024-11-01,TA-Industrials,1967.3892,1
2024-11-02,TA-Industrials,1846.2742,2
2024-11-03,TA-Industrials,1755.5961,3
2024-11-04,TA-Industrials,1684.913,4
2024-11-05,TA-Industrials,1628.3427,5
2024-11-06,TA-Industrials,1582.2473,6
2024-11-07,TA-Industrials,1544.2129,7
2024-11-08,TA-Industrials,1512.5482,8
2024-11-09,TA-Industrials,1486.0159,9
2024-11-10,TA-Industrials,1463.679,10
2024-11-11,TA-Industrials,1444.8085,11
2024-11-12,TA-Industrials,1428.8252,12
2024-11-13,TA-Industrials,1415.2614,13
2024-11-14,TA-Industrials,1403.7339,14
2024-11-15,TA-Industrials,1393.926,15
2024-11-16,TA-Industrials,1385.5743,16
2024-11-17,TA-Industrials,1378.458,17
2024-11-18,TA-Industrials,1372.3912,18
2024-11-19,TA-Industrials,1367.2172,19
2024-11-20,TA-Industrials,1362.8031,20
2024-11-21,TA-Industrials,1359.0365,21
2024-11-22,TA-Industrials,1355.8218,22
2024-11-23,TA-Industrials,1353.0778,23
2024-11-24,TA-Industrials,1350.735,24
2024-11-25,TA-Industrials,1348.7349,25
2024-11-26,TA-Industrials,1347.027,26
2024-11-27,TA-Industrials,1345.5686,27
2024-11-28,TA-Industrials,1344.3231,28
2024-11-29,TA-Industrials,1343.2594,29
2024-11-30,TA-Industrials,1342.3512,30
2024-11-01,TA Global-BlueTech,446.1665,1
2024-11-02,TA Global-BlueTech,439.93347,2
2024-11-03,TA Global-BlueTech,433.6507,3
2024-11-04,TA Global-BlueTech,427.30093,4
2024-11-05,TA Global-BlueTech,420.86728,5
2024-11-06,TA Global-BlueTech,414.3333,6
2024-11-07,TA Global-BlueTech,407.68286,7
2024-11-08,TA Global-BlueTech,400.90005,8
2024-11-09,TA Global-BlueTech,393.96945,9
2024-11-10,TA Global-BlueTech,386.8759,10
2024-11-11,TA Global-BlueTech,379.6049,11
2024-11-12,TA Global-BlueTech,372.14264,12
2024-11-13,TA Global-BlueTech,364.47635,13
2024-11-14,TA Global-BlueTech,356.5945,14
2024-11-15,TA Global-BlueTech,348.48727,15
2024-11-16,TA Global-BlueTech,340.147,16
2024-11-17,TA Global-BlueTech,331.56885,17
2024-11-18,TA Global-BlueTech,322.75128,18
2024-11-19,TA Global-BlueTech,313.69693,19
2024-11-20,TA Global-BlueTech,304.41327,20
2024-11-21,TA Global-BlueTech,294.91348,21
2024-11-22,TA Global-BlueTech,285.21722,22
2024-11-23,TA Global-BlueTech,275.35117,23
2024-11-24,TA Global-BlueTech,265.3496,24
2024-11-25,TA Global-BlueTech,255.25468,25
2024-11-26,TA Global-BlueTech,245.11606,26
2024-11-27,TA Global-BlueTech,234.9905,27
2024-11-28,TA Global-BlueTech,224.94049,28
2024-11-29,TA Global-BlueTech,215.0329,29
2024-11-30,TA Global-BlueTech,205.33655,30
2024-11-01,TA Tech - Elite,683.0353,1
2024-11-02,TA Tech - Elite,686.60297,2
2024-11-03,TA Tech - Elite,689.89966,3
2024-11-04,TA Tech - Elite,692.93964,4
2024-11-05,TA Tech - Elite,695.73737,5
2024-11-06,TA Tech - Elite,698.30743,6
2024-11-07,TA Tech - Elite,700.6643,7
2024-11-08,TA Tech - Elite,702.8223,8
2024-11-09,TA Tech - Elite,704.7954,9
2024-11-10,TA Tech - Elite,706.5969,10
2024-11-11,TA Tech - Elite,708.2397,11
2024-11-12,TA Tech - Elite,709.7362,12
2024-11-13,TA Tech - Elite,711.0978,13
2024-11-14,TA Tech - Elite,712.3356,14
2024-11-15,TA Tech - Elite,713.4598,15
2024-11-16,TA Tech - Elite,714.48,16
2024-11-17,TA Tech - Elite,715.40515,17
2024-11-18,TA Tech - Elite,716.24365,18
2024-11-19,TA Tech - Elite,717.00305,19
2024-11-20,TA Tech - Elite,717.6905,20
2024-11-21,TA Tech - Elite,718.31244,21
2024-11-22,TA Tech - Elite,718.87494,22
2024-11-23,TA Tech - Elite,719.38336,23
2024-11-24,TA Tech - Elite,719.84283,24
2024-11-25,TA Tech - Elite,720.2579,25
2024-11-26,TA Tech - Elite,720.6327,26
2024-11-27,TA Tech - Elite,720.971,27
2024-11-28,TA Tech - Elite,721.2764,28
2024-11-29,TA Tech - Elite,721.55194,29
2024-11-30,TA Tech - Elite,721.8006,30
2024-11-01,TA-Biomed,182.28578,1
2024-11-02,TA-Biomed,188.81677,2
2024-11-03,TA-Biomed,195.59299,3
2024-11-04,TA-Biomed,202.62952,4
2024-11-05,TA-Biomed,209.93959,5
2024-11-06,TA-Biomed,217.53389,6
2024-11-07,TA-Biomed,225.4196,7
2024-11-08,TA-Biomed,233.59956,8
2024-11-09,TA-Biomed,242.07121,9
2024-11-10,TA-Biomed,250.82521,10
2024-11-11,TA-Biomed,259.84448,11
2024-11-12,TA-Biomed,269.10306,12
2024-11-13,TA-Biomed,278.56528,13
2024-11-14,TA-Biomed,288.18533,14
2024-11-15,TA-Biomed,297.90735,15
2024-11-16,TA-Biomed,307.6662,16
2024-11-17,TA-Biomed,317.38873,17
2024-11-18,TA-Biomed,326.9966,18
2024-11-19,TA-Biomed,336.4087,19
2024-11-20,TA-Biomed,345.54492,20
2024-11-21,TA-Biomed,354.32977,21
2024-11-22,TA-Biomed,362.69568,22
2024-11-23,TA-Biomed,370.5861,23
2024-11-24,TA-Biomed,377.95743,24
2024-11-25,TA-Biomed,384.7803,25
2024-11-26,TA-Biomed,391.03967,26
2024-11-27,TA-Biomed,396.73407,27
2024-11-28,TA-Biomed,401.8738,28
2024-11-29,TA-Biomed,406.47943,29
2024-11-30,TA-Biomed,410.57895,30
2024-11-01,TA-Oil & Gas,1872.7239,1
2024-11-02,TA-Oil & Gas,1825.0476,2
2024-11-03,TA-Oil & Gas,1782.7435,3
2024-11-04,TA-Oil & Gas,1744.8525,4
2024-11-05,TA-Oil & Gas,1710.6431,5
2024-11-06,TA-Oil & Gas,1679.5453,6
2024-11-07,TA-Oil & Gas,1651.1085,7
2024-11-08,TA-Oil & Gas,1624.969,8
2024-11-09,TA-Oil & Gas,1600.8315,9
2024-11-10,TA-Oil & Gas,1578.4525,10
2024-11-11,TA-Oil & Gas,1557.6292,11
2024-11-12,TA-Oil & Gas,1538.1912,12
2024-11-13,TA-Oil & Gas,1519.9939,13
2024-11-14,TA-Oil & Gas,1502.9136,14
2024-11-15,TA-Oil & Gas,1486.844,15
2024-11-16,TA-Oil & Gas,1471.6932,16
2024-11-17,TA-Oil & Gas,1457.3807,17
2024-11-18,TA-Oil & Gas,1443.8363,18
2024-11-19,TA-Oil & Gas,1430.998,19
2024-11-20,TA-Oil & Gas,1418.8112,20
2024-11-21,TA-Oil & Gas,1407.2268,21
2024-11-22,TA-Oil & Gas,1396.2013,22
2024-11-23,TA-Oil & Gas,1385.6958,23
2024-11-24,TA-Oil & Gas,1375.6753,24
2024-11-25,TA-Oil & Gas,1366.1075,25
2024-11-26,TA-Oil & Gas,1356.9641,26
2024-11-27,TA-Oil & Gas,1348.2188,27
2024-11-28,TA-Oil & Gas,1339.8478,28
2024-11-29,TA-Oil & Gas,1331.8289,29
2024-11-30,TA-Oil & Gas,1324.1426,30
2024-11-01,TA-Energy Utilities,1711.1472,1
2024-11-02,TA-Energy Utilities,1730.5769,2
2024-11-03,TA-Energy Utilities,1748.5814,3
2024-11-04,TA-Energy Utilities,1765.1932,4
2024-11-05,TA-Energy Utilities,1780.4548,5
2024-11-06,TA-Energy Utilities,1794.4185,6
2024-11-07,TA-Energy Utilities,1807.1439,7
2024-11-08,TA-Energy Utilities,1818.6975,8
2024-11-09,TA-Energy Utilities,1829.1498,9
2024-11-10,TA-Energy Utilities,1838.5748,10
2024-11-11,TA-Energy Utilities,1847.0475,11
2024-11-12,TA-Energy Utilities,1854.6427,12
2024-11-13,TA-Energy Utilities,1861.4335,13
2024-11-14,TA-Energy Utilities,1867.491,14
2024-11-15,TA-Energy Utilities,1872.8829,15
2024-11-16,TA-Energy Utilities,1877.673,16
2024-11-17,TA-Energy Utilities,1881.9213,17
2024-11-18,TA-Energy Utilities,1885.6827,18
2024-11-19,TA-Energy Utilities,1889.0089,19
2024-11-20,TA-Energy Utilities,1891.9468,20
2024-11-21,TA-Energy Utilities,1894.5382,21
2024-11-22,TA-Energy Utilities,1896.8223,22
2024-11-23,TA-Energy Utilities,1898.8335,23
2024-11-24,TA-Energy Utilities,1900.6031,24
2024-11-25,TA-Energy Utilities,1902.1589,25
2024-11-26,TA-Energy Utilities,1903.5264,26
2024-11-27,TA-Energy Utilities,1904.7273,27
2024-11-28,TA-Energy Utilities,1905.7816,28
2024-11-29,TA-Energy Utilities,1906.7069,29
2024-11-30,TA-Energy Utilities,1907.5184,30
2024-11-01,TA-Communication & InformationTechnology,1379.6766,1
2024-11-02,TA-Communication & InformationTechnology,1370.7368,2
2024-11-03,TA-Communication & InformationTechnology,1362.2443,3
2024-11-04,TA-Communication & InformationTechnology,1354.165,4
2024-11-05,TA-Communication & InformationTechnology,1346.4686,5
2024-11-06,TA-Communication & InformationTechnology,1339.1279,6
2024-11-07,TA-Communication & InformationTechnology,1332.1188,7
2024-11-08,TA-Communication & InformationTechnology,1325.4191,8
2024-11-09,TA-Communication & InformationTechnology,1319.0092,9
2024-11-10,TA-Communication & InformationTechnology,1312.8711,10
2024-11-11,TA-Communication & InformationTechnology,1306.9886,11
2024-11-12,TA-Communication & InformationTechnology,1301.3468,12
2024-11-13,TA-Communication & InformationTechnology,1295.9323,13
2024-11-14,TA-Communication & InformationTechnology,1290.732,14
2024-11-15,TA-Communication & InformationTechnology,1285.7352,15
2024-11-16,TA-Communication & InformationTechnology,1280.931,16
2024-11-17,TA-Communication & InformationTechnology,1276.3097,17
2024-11-18,TA-Communication & InformationTechnology,1271.8622,18
2024-11-19,TA-Communication & InformationTechnology,1267.5801,19
2024-11-20,TA-Communication & InformationTechnology,1263.4557,20
2024-11-21,TA-Communication & InformationTechnology,1259.4817,21
2024-11-22,TA-Communication & InformationTechnology,1255.6514,22
2024-11-23,TA-Communication & InformationTechnology,1251.9583,23
2024-11-24,TA-Communication & InformationTechnology,1248.3961,24
2024-11-25,TA-Communication & InformationTechnology,1244.9597,25
2024-11-26,TA-Communication & InformationTechnology,1241.6436,26
2024-11-27,TA-Communication & InformationTechnology,1238.4427,27
2024-11-28,TA-Communication & InformationTechnology,1235.3527,28
2024-11-29,TA-Communication & InformationTechnology,1232.3688,29
2024-11-30,TA-Communication & InformationTechnology,1229.4868,30
2024-11-01,TA-Insurance & Financial Services,3031.7222,1
2024-11-02,TA-Insurance & Financial Services,2730.809,2
2024-11-03,TA-Insurance & Financial Services,2507.0361,3
2024-11-04,TA-Insurance & Financial Services,2332.2617,4
2024-11-05,TA-Insurance & Financial Services,2191.291,5
2024-11-06,TA-Insurance & Financial Services,2075.0745,6
2024-11-07,TA-Insurance & Financial Services,1977.8044,7
2024-11-08,TA-Insurance & Financial Services,1895.5267,8
2024-11-09,TA-Insurance & Financial Services,1825.4125,9
2024-11-10,TA-Insurance & Financial Services,1765.3534,10
2024-11-11,TA-Insurance & Financial Services,1713.7229,11
2024-11-12,TA-Insurance & Financial Services,1669.23,12
2024-11-13,TA-Insurance & Financial Services,1630.8264,13
2024-11-14,TA-Insurance & Financial Services,1597.6448,14
2024-11-15,TA-Insurance & Financial Services,1568.9576,15
2024-11-16,TA-Insurance & Financial Services,1544.1487,16
2024-11-17,TA-Insurance & Financial Services,1522.691,17
2024-11-18,TA-Insurance & Financial Services,1504.1324,18
2024-11-19,TA-Insurance & Financial Services,1488.0831,19
2024-11-20,TA-Insurance & Financial Services,1474.2059,20
2024-11-21,TA-Insurance & Financial Services,1462.2095,21
2024-11-22,TA-Insurance & Financial Services,1451.8406,22
2024-11-23,TA-Insurance & Financial Services,1442.8807,23
2024-11-24,TA-Insurance & Financial Services,1435.1398,24
2024-11-25,TA-Insurance & Financial Services,1428.4531,25
2024-11-26,TA-Insurance & Financial Services,1422.6781,26
2024-11-27,TA-Insurance & Financial Services,1417.6917,27
2024-11-28,TA-Insurance & Financial Services,1413.3862,28
2024-11-29,TA-Insurance & Financial Services,1409.6696,29
2024-11-30,TA-Insurance & Financial Services,1406.4614,30
2024-11-01,TA-Technology,1208.1375,1
2024-11-02,TA-Technology,1139.8809,2
2024-11-03,TA-Technology,1082.4382,3
2024-11-04,TA-Technology,1033.3174,4
2024-11-05,TA-Technology,990.90814,5
2024-11-06,TA-Technology,954.10614,6
2024-11-07,TA-Technology,922.10724,7
2024-11-08,TA-Technology,894.29034,8
2024-11-09,TA-Technology,870.1498,9
2024-11-10,TA-Technology,849.25433,10
2024-11-11,TA-Technology,831.22485,11
2024-11-12,TA-Technology,815.72076,12
2024-11-13,TA-Technology,802.434,13
2024-11-14,TA-Technology,791.0852,14
2024-11-15,TA-Technology,781.4217,15
2024-11-16,TA-Technology,773.2169,16
2024-11-17,TA-Technology,766.2683,17
2024-11-18,TA-Technology,760.3973,18
2024-11-19,TA-Technology,755.44653,19
2024-11-20,TA-Technology,751.2792,20
2024-11-21,TA-Technology,747.7766,21
2024-11-22,TA-Technology,744.83655,22
2024-11-23,TA-Technology,742.3714,23
2024-11-24,TA-Technology,740.3065,24
2024-11-25,TA-Technology,738.5782,25
2024-11-26,TA-Technology,737.1326,26
2024-11-27,TA-Technology,735.9241,27
2024-11-28,TA-Technology,734.9144,28
2024-11-29,TA-Technology,734.0711,29
2024-11-30,TA-Technology,733.367,30
2024-11-01,TA-Cleantech,748.8379,1
2024-11-02,TA-Cleantech,879.9176,2
2024-11-03,TA-Cleantech,954.6926,3
2024-11-04,TA-Cleantech,998.93726,4
2024-11-05,TA-Cleantech,1025.4268,5
2024-11-06,TA-Cleantech,1041.3497,6
2024-11-07,TA-Cleantech,1050.9346,7
2024-11-08,TA-Cleantech,1056.7069,8
2024-11-09,TA-Cleantech,1060.1837,9
2024-11-10,TA-Cleantech,1062.278,10
2024-11-11,TA-Cleantech,1063.5396,11
2024-11-12,TA-Cleantech,1064.2994,12
2024-11-13,TA-Cleantech,1064.7572,13
2024-11-14,TA-Cleantech,1065.033,14
2024-11-15,TA-Cleantech,1065.1991,15
2024-11-16,TA-Cleantech,1065.2992,16
2024-11-17,TA-Cleantech,1065.3593,17
2024-11-18,TA-Cleantech,1065.3955,18
2024-11-19,TA-Cleantech,1065.4175,19
2024-11-20,TA-Cleantech,1065.4307,20
2024-11-21,TA-Cleantech,1065.4387,21
2024-11-22,TA-Cleantech,1065.4435,22
2024-11-23,TA-Cleantech,1065.4463,23
2024-11-24,TA-Cleantech,1065.448,24
2024-11-25,TA-Cleantech,1065.449,25
2024-11-26,TA-Cleantech,1065.4497,26
2024-11-27,TA-Cleantech,1065.4501,27
2024-11-28,TA-Cleantech,1065.4503,28
2024-11-29,TA-Cleantech,1065.4504,29
2024-11-30,TA-Cleantech,1065.4506,30
2024-11-01,TA-Finance,3816.139,1
2024-11-02,TA-Finance,3598.865,2
2024-11-03,TA-Finance,3428.7988,3
2024-11-04,TA-Finance,3291.2505,4
2024-11-05,TA-Finance,3177.2996,5
2024-11-06,TA-Finance,3081.1643,6
2024-11-07,TA-Finance,2998.9043,7
2024-11-08,TA-Finance,2927.7222,8
2024-11-09,TA-Finance,2865.567,9
2024-11-10,TA-Finance,2810.892,10
2024-11-11,TA-Finance,2762.5032,11
2024-11-12,TA-Finance,2719.4585,12
2024-11-13,TA-Finance,2681.0042,13
2024-11-14,TA-Finance,2646.5261,14
2024-11-15,TA-Finance,2615.5176,15
2024-11-16,TA-Finance,2587.5557,16
2024-11-17,TA-Finance,2562.2834,17
2024-11-18,TA-Finance,2539.3972,18
2024-11-19,TA-Finance,2518.6365,19
2024-11-20,TA-Finance,2499.7754,20
2024-11-21,TA-Finance,2482.618,21
2024-11-22,TA-Finance,2466.9922,22
2024-11-23,TA-Finance,2452.7468,23
2024-11-24,TA-Finance,2439.7488,24
2024-11-25,TA-Finance,2427.879,25
2024-11-26,TA-Finance,2417.0317,26
2024-11-27,TA-Finance,2407.1128,27
2024-11-28,TA-Finance,2398.0383,28
2024-11-29,TA-Finance,2389.7314,29
2024-11-30,TA-Finance,2382.1243,30
2024-11-01,TA-Banks5,4361.5874,1
2024-11-02,TA-Banks5,4158.8784,2
2024-11-03,TA-Banks5,3994.956,3
2024-11-04,TA-Banks5,3858.5847,4
2024-11-05,TA-Banks5,3742.708,5
2024-11-06,TA-Banks5,3642.6384,6
2024-11-07,TA-Banks5,3555.1157,7
2024-11-08,TA-Banks5,3477.79,8
2024-11-09,TA-Banks5,3408.9155,9
2024-11-10,TA-Banks5,3347.1604,10
2024-11-11,TA-Banks5,3291.4875,11
2024-11-12,TA-Banks5,3241.0725,12
2024-11-13,TA-Banks5,3195.2478,13
2024-11-14,TA-Banks5,3153.4668,14
2024-11-15,TA-Banks5,3115.2734,15
2024-11-16,TA-Banks5,3080.2837,16
2024-11-17,TA-Banks5,3048.17,17
2024-11-18,TA-Banks5,3018.6514,18
2024-11-19,TA-Banks5,2991.483,19
2024-11-20,TA-Banks5,2966.4504,20
2024-11-21,TA-Banks5,2943.3655,21
2024-11-22,TA-Banks5,2922.0596,22
2024-11-23,TA-Banks5,2902.383,23
2024-11-24,TA-Banks5,2884.2014,24
2024-11-25,TA-Banks5,2867.3938,25
2024-11-26,TA-Banks5,2851.85,26
2024-11-27,TA-Banks5,2837.471,27
2024-11-28,TA-Banks5,2824.1658,28
2024-11-29,TA-Banks5,2811.8516,29
2024-11-30,TA-Banks5,2800.4524,30
2024-11-01,TA-RealEstate,1148.8634,1
2024-11-02,TA-RealEstate,1199.9628,2
2024-11-03,TA-RealEstate,1249.9714,3
2024-11-04,TA-RealEstate,1297.9652,4
2024-11-05,TA-RealEstate,1343.0743,5
2024-11-06,TA-RealEstate,1384.5719,6
2024-11-07,TA-RealEstate,1421.9421,7
2024-11-08,TA-RealEstate,1454.9131,8
2024-11-09,TA-RealEstate,1483.4525,9
2024-11-10,TA-RealEstate,1507.7328,10
2024-11-11,TA-RealEstate,1528.0763,11
2024-11-12,TA-RealEstate,1544.8977,12
2024-11-13,TA-RealEstate,1558.6522,13
2024-11-14,TA-RealEstate,1569.7943,14
2024-11-15,TA-RealEstate,1578.7507,15
2024-11-16,TA-RealEstate,1585.9055,16
2024-11-17,TA-RealEstate,1591.5922,17
2024-11-18,TA-RealEstate,1596.0936,18
2024-11-19,TA-RealEstate,1599.6456,19
2024-11-20,TA-RealEstate,1602.441,20
2024-11-21,TA-RealEstate,1604.637,21
2024-11-22,TA-RealEstate,1606.3585,22
2024-11-23,TA-RealEstate,1607.7069,23
2024-11-24,TA-RealEstate,1608.7621,24
2024-11-25,TA-RealEstate,1609.5867,25
2024-11-26,TA-RealEstate,1610.231,26
2024-11-27,TA-RealEstate,1610.7343,27
2024-11-28,TA-RealEstate,1611.1273,28
2024-11-29,TA-RealEstate,1611.4341,29
2024-11-30,TA-RealEstate,1611.6737,30
2024-11-01,TA-Construction,1605.8511,1
2024-11-02,TA-Construction,1439.3711,2
2024-11-03,TA-Construction,1333.7067,3
2024-11-04,TA-Construction,1266.4601,4
2024-11-05,TA-Construction,1223.6582,5
2024-11-06,TA-Construction,1196.4315,6
2024-11-07,TA-Construction,1179.124,7
2024-11-08,TA-Construction,1168.1278,8
2024-11-09,TA-Construction,1161.1439,9
2024-11-10,TA-Construction,1156.7097,10
2024-11-11,TA-Construction,1153.8948,11
2024-11-12,TA-Construction,1152.108,12
2024-11-13,TA-Construction,1150.9739,13
2024-11-14,TA-Construction,1150.2543,14
2024-11-15,TA-Construction,1149.7974,15
2024-11-16,TA-Construction,1149.5074,16
2024-11-17,TA-Construction,1149.3235,17
2024-11-18,TA-Construction,1149.2068,18
2024-11-19,TA-Construction,1149.1327,19
2024-11-20,TA-Construction,1149.0856,20
2024-11-21,TA-Construction,1149.0557,21
2024-11-22,TA-Construction,1149.0367,22
2024-11-23,TA-Construction,1149.0248,23
2024-11-24,TA-Construction,1149.0171,24
2024-11-25,TA-Construction,1149.0122,25
2024-11-26,TA-Construction,1149.0092,26
2024-11-27,TA-Construction,1149.0072,27
2024-11-28,TA-Construction,1149.0059,28
2024-11-29,TA-Construction,1149.005,29
2024-11-30,TA-Construction,1149.0046,30
2024-11-01,TA-Investment Properties in Israel,932.66235,1
2024-11-02,TA-Investment Properties in Israel,936.7659,2
2024-11-03,TA-Investment Properties in Israel,938.9014,3
2024-11-04,TA-Investment Properties in Israel,940.01245,4
2024-11-05,TA-Investment Properties in Israel,940.59045,5
2024-11-06,TA-Investment Properties in Israel,940.89105,6
2024-11-07,TA-Investment Properties in Israel,941.04736,7
2024-11-08,TA-Investment Properties in Israel,941.12866,8
2024-11-09,TA-Investment Properties in Israel,941.1711,9
2024-11-10,TA-Investment Properties in Israel,941.193,10
2024-11-11,TA-Investment Properties in Israel,941.20447,11
2024-11-12,TA-Investment Properties in Israel,941.21045,12
2024-11-13,TA-Investment Properties in Israel,941.2135,13
2024-11-14,TA-Investment Properties in Israel,941.21515,14
2024-11-15,TA-Investment Properties in Israel,941.2159,15
2024-11-16,TA-Investment Properties in Israel,941.2164,16
2024-11-17,TA-Investment Properties in Israel,941.2166,17
2024-11-18,TA-Investment Properties in Israel,941.2167,18
2024-11-19,TA-Investment Properties in Israel,941.21674,19
2024-11-20,TA-Investment Properties in Israel,941.2168,20
2024-11-21,TA-Investment Properties in Israel,941.2168,21
2024-11-22,TA-Investment Properties in Israel,941.2168,22
2024-11-23,TA-Investment Properties in Israel,941.2168,23
2024-11-24,TA-Investment Properties in Israel,941.2168,24
2024-11-25,TA-Investment Properties in Israel,941.2168,25
2024-11-26,TA-Investment Properties in Israel,941.2168,26
2024-11-27,TA-Investment Properties in Israel,941.2168,27
2024-11-28,TA-Investment Properties in Israel,941.2168,28
2024-11-29,TA-Investment Properties in Israel,941.2168,29
2024-11-30,TA-Investment Properties in Israel,941.2168,30
2024-11-01,TA-Investment Properties Abroad,754.9453,1
2024-11-02,TA-Investment Properties Abroad,926.7638,2
2024-11-03,TA-Investment Properties Abroad,1032.3588,3
2024-11-04,TA-Investment Properties Abroad,1089.6985,4
2024-11-05,TA-Investment Properties Abroad,1118.22,5
2024-11-06,TA-Investment Properties Abroad,1131.7075,6
2024-11-07,TA-Investment Properties Abroad,1137.9233,7
2024-11-08,TA-Investment Properties Abroad,1140.7527,8
2024-11-09,TA-Investment Properties Abroad,1142.0333,9
2024-11-10,TA-Investment Properties Abroad,1142.6116,10
2024-11-11,TA-Investment Properties Abroad,1142.8722,11
2024-11-12,TA-Investment Properties Abroad,1142.9897,12
2024-11-13,TA-Investment Properties Abroad,1143.0428,13
2024-11-14,TA-Investment Properties Abroad,1143.0665,14
2024-11-15,TA-Investment Properties Abroad,1143.0773,15
2024-11-16,TA-Investment Properties Abroad,1143.082,16
2024-11-17,TA-Investment Properties Abroad,1143.0844,17
2024-11-18,TA-Investment Properties Abroad,1143.0852,18
2024-11-19,TA-Investment Properties Abroad,1143.0857,19
2024-11-20,TA-Investment Properties Abroad,1143.0859,20
2024-11-21,TA-Investment Properties Abroad,1143.086,21
2024-11-22,TA-Investment Properties Abroad,1143.0862,22
2024-11-23,TA-Investment Properties Abroad,1143.0862,23
2024-11-24,TA-Investment Properties Abroad,1143.0862,24
2024-11-25,TA-Investment Properties Abroad,1143.0862,25
2024-11-26,TA-Investment Properties Abroad,1143.0862,26
2024-11-27,TA-Investment Properties Abroad,1143.0862,27
2024-11-28,TA-Investment Properties Abroad,1143.0862,28
2024-11-29,TA-Investment Properties Abroad,1143.0862,29
2024-11-30,TA-Investment Properties Abroad,1143.0862,30
2024-11-01,TA-Insurance,3322.5103,1
2024-11-02,TA-Insurance,3332.1204,2
2024-11-03,TA-Insurance,3338.4897,3
2024-11-04,TA-Insurance,3342.7048,4
2024-11-05,TA-Insurance,3345.4922,5
2024-11-06,TA-Insurance,3347.3345,6
2024-11-07,TA-Insurance,3348.5515,7
2024-11-08,TA-Insurance,3349.356,8
2024-11-09,TA-Insurance,3349.8865,9
2024-11-10,TA-Insurance,3350.2375,10
2024-11-11,TA-Insurance,3350.469,11
2024-11-12,TA-Insurance,3350.6218,12
2024-11-13,TA-Insurance,3350.7231,13
2024-11-14,TA-Insurance,3350.7896,14
2024-11-15,TA-Insurance,3350.8335,15
2024-11-16,TA-Insurance,3350.8628,16
2024-11-17,TA-Insurance,3350.8816,17
2024-11-18,TA-Insurance,3350.8945,18
2024-11-19,TA-Insurance,3350.903,19
2024-11-20,TA-Insurance,3350.9084,20
2024-11-21,TA-Insurance,3350.912,21
2024-11-22,TA-Insurance,3350.9143,22
2024-11-23,TA-Insurance,3350.916,23
2024-11-24,TA-Insurance,3350.917,24
2024-11-25,TA-Insurance,3350.918,25
2024-11-26,TA-Insurance,3350.9182,26
2024-11-27,TA-Insurance,3350.9182,27
2024-11-28,TA-Insurance,3350.9185,28
2024-11-29,TA-Insurance,3350.919,29
2024-11-30,TA-Insurance,3350.9185,30
2024-11-01,TA-Retail,1533.0948,1
2024-11-02,TA-Retail,1587.8301,2
2024-11-03,TA-Retail,1630.631,3
2024-11-04,TA-Retail,1664.1974,4
2024-11-05,TA-Retail,1690.5249,5
2024-11-06,TA-Retail,1711.1504,6
2024-11-07,TA-Retail,1727.2816,7
2024-11-08,TA-Retail,1739.876,8
2024-11-09,TA-Retail,1749.6927,9
2024-11-10,TA-Retail,1757.3337,10
2024-11-11,TA-Retail,1763.2734,11
2024-11-12,TA-Retail,1767.8866,12
2024-11-13,TA-Retail,1771.4662,13
2024-11-14,TA-Retail,1774.2421,14
2024-11-15,TA-Retail,1776.3937,15
2024-11-16,TA-Retail,1778.0608,16
2024-11-17,TA-Retail,1779.3519,17
2024-11-18,TA-Retail,1780.3516,18
2024-11-19,TA-Retail,1781.1256,19
2024-11-20,TA-Retail,1781.7246,20
2024-11-21,TA-Retail,1782.1886,21
2024-11-22,TA-Retail,1782.5474,22
2024-11-23,TA-Retail,1782.825,23
2024-11-24,TA-Retail,1783.0398,24
2024-11-25,TA-Retail,1783.206,25
2024-11-26,TA-Retail,1783.3348,26
2024-11-27,TA-Retail,1783.4343,27
2024-11-28,TA-Retail,1783.5114,28
2024-11-29,TA-Retail,1783.5708,29
2024-11-30,TA-Retail,1783.617,30
2024-11-01,TA-Bank,3999.4478,1
2024-11-02,TA-Bank,3632.3303,2
2024-11-03,TA-Bank,3270.0024,3
2024-11-04,TA-Bank,2931.6487,4
2024-11-05,TA-Bank,2646.5864,5
2024-11-06,TA-Bank,2436.7961,6
2024-11-07,TA-Bank,2302.0098,7
2024-11-08,TA-Bank,2224.2947,8
2024-11-09,TA-Bank,2182.5876,9
2024-11-10,TA-Bank,2161.1223,10
2024-11-11,TA-Bank,2150.321,11
2024-11-12,TA-Bank,2144.9487,12
2024-11-13,TA-Bank,2142.292,13
2024-11-14,TA-Bank,2140.9822,14
2024-11-15,TA-Bank,2140.3374,15
2024-11-16,TA-Bank,2140.0203,16
2024-11-17,TA-Bank,2139.8643,17
2024-11-18,TA-Bank,2139.7874,18
2024-11-19,TA-Bank,2139.7498,19
2024-11-20,TA-Bank,2139.7312,20
2024-11-21,TA-Bank,2139.7222,21
2024-11-22,TA-Bank,2139.7175,22
2024-11-23,TA-Bank,2139.7153,23
2024-11-24,TA-Bank,2139.7144,24
2024-11-25,TA-Bank,2139.7139,25
2024-11-26,TA-Bank,2139.7136,26
2024-11-27,TA-Bank,2139.7134,27
2024-11-28,TA-Bank,2139.7134,28
2024-11-29,TA-Bank,2139.7134,29
2024-11-30,TA-Bank,2139.7134,30
2024-11-01,TA-Family,2696.7273,1
2024-11-02,TA-Family,2698.6301,2
2024-11-03,TA-Family,2700.394,3
2024-11-04,TA-Family,2702.0286,4
2024-11-05,TA-Family,2703.5432,5
2024-11-06,TA-Family,2704.9465,6
2024-11-07,TA-Family,2706.246,7
2024-11-08,TA-Family,2707.45,8
2024-11-09,TA-Family,2708.565,9
2024-11-10,TA-Family,2709.5972,10
2024-11-11,TA-Family,2710.5527,11
2024-11-12,TA-Family,2711.4375,12
2024-11-13,TA-Family,2712.2563,13
2024-11-14,TA-Family,2713.0144,14
2024-11-15,TA-Family,2713.716,15
2024-11-16,TA-Family,2714.3652,16
2024-11-17,TA-Family,2714.9663,17
2024-11-18,TA-Family,2715.5222,18
2024-11-19,TA-Family,2716.0366,19
2024-11-20,TA-Family,2716.5125,20
2024-11-21,TA-Family,2716.9531,21
2024-11-22,TA-Family,2717.3608,22
2024-11-23,TA-Family,2717.7373,23
2024-11-24,TA-Family,2718.086,24
2024-11-25,TA-Family,2718.4087,25
2024-11-26,TA-Family,2718.7073,26
2024-11-27,TA-Family,2718.9834,27
2024-11-28,TA-Family,2719.2388,28
2024-11-29,TA-Family,2719.475,29
2024-11-30,TA-Family,2719.6934,30
2024-11-01,Tel-Div,3008.8643,1
2024-11-02,Tel-Div,2867.849,2
2024-11-03,Tel-Div,2749.0547,3
2024-11-04,Tel-Div,2647.172,4
2024-11-05,Tel-Div,2558.642,5
2024-11-06,Tel-Div,2480.967,6
2024-11-07,Tel-Div,2412.3298,7
2024-11-08,Tel-Div,2351.361,8
2024-11-09,Tel-Div,2297.0002,9
2024-11-10,Tel-Div,2248.4011,10
2024-11-11,Tel-Div,2204.8743,11
2024-11-12,Tel-Div,2165.8447,12
2024-11-13,Tel-Div,2130.824,13
2024-11-14,Tel-Div,2099.391,14
2024-11-15,Tel-Div,2071.1777,15
2024-11-16,Tel-Div,2045.8588,16
2024-11-17,Tel-Div,2023.145,17
2024-11-18,Tel-Div,2002.7769,18
2024-11-19,Tel-Div,1984.521,19
2024-11-20,Tel-Div,1968.167,20
2024-11-21,Tel-Div,1953.525,21
2024-11-22,Tel-Div,1940.4225,22
2024-11-23,Tel-Div,1928.7041,23
2024-11-24,Tel-Div,1918.2289,24
2024-11-25,Tel-Div,1908.8696,25
2024-11-26,Tel-Div,1900.5111,26
2024-11-27,Tel-Div,1893.0496,27
2024-11-28,Tel-Div,1886.3915,28
2024-11-29,Tel-Div,1880.4526,29
2024-11-30,Tel-Div,1875.1569,30
2024-11-01,TA-Dual Listing,836.73914,1
2024-11-02,TA-Dual Listing,1125.5116,2
2024-11-03,TA-Dual Listing,1182.5272,3
2024-11-04,TA-Dual Listing,1185.646,4
2024-11-05,TA-Dual Listing,1185.7815,5
2024-11-06,TA-Dual Listing,1185.7874,6
2024-11-07,TA-Dual Listing,1185.7876,7
2024-11-08,TA-Dual Listing,1185.7875,8
2024-11-09,TA-Dual Listing,1185.7876,9
2024-11-10,TA-Dual Listing,1185.7875,10
2024-11-11,TA-Dual Listing,1185.7876,11
2024-11-12,TA-Dual Listing,1185.7875,12
2024-11-13,TA-Dual Listing,1185.7876,13
2024-11-14,TA-Dual Listing,1185.7875,14
2024-11-15,TA-Dual Listing,1185.7876,15
2024-11-16,TA-Dual Listing,1185.7875,16
2024-11-17,TA-Dual Listing,1185.7876,17
2024-11-18,TA-Dual Listing,1185.7875,18
2024-11-19,TA-Dual Listing,1185.7876,19
2024-11-20,TA-Dual Listing,1185.7875,20
2024-11-21,TA-Dual Listing,1185.7876,21
2024-11-22,TA-Dual Listing,1185.7875,22
2024-11-23,TA-Dual Listing,1185.7876,23
2024-11-24,TA-Dual Listing,1185.7875,24
2024-11-25,TA-Dual Listing,1185.7876,25
2024-11-26,TA-Dual Listing,1185.7875,26
2024-11-27,TA-Dual Listing,1185.7876,27
2024-11-28,TA-Dual Listing,1185.7875,28
2024-11-29,TA-Dual Listing,1185.7876,29
2024-11-30,TA-Dual Listing,1185.7875,30
