Company,Model,MSE,MAE,R2,MAPE,Composite_Score
ABRA.TA,GRU,110.0753552,8.812781977,0.721305395,0.032568822,-0.9997369
ACCL.TA,GRU,8.745045802,1.766280446,0.966643658,0.015539042,-0.999935724
ACKR.TA,LSTM,14172.62274,80.69818393,-0.08787079,0.112100088,-0.996112104
ACRO.TA,GRU,52123.8448,176.0712784,0.809322998,0.034937496,-0.995872727
ADGR.TA,LSTM,512.6002746,17.24780224,0.729547858,0.036309431,-0.999097022
AFHL.TA,LSTM,211905.4201,395.9584683,0.957054556,0.038826436,-0.990115004
AFPR.TA,LSTM,372823.4735,455.618966,-0.624883107,0.027296505,-0.988891241
AFRE.TA,LightGBM,8258838.196,2039.510241,-0.223327461,8.163548664,-0.938016091
AICS-M.TA,LSTM,98989.01212,167.4173427,-0.342552076,1.036387915,-0.975876447
AILN.TA,XGBoost,1032539.292,1011.880425,-11475.86402,2027.927606,0.029362679
ALAR.TA,LSTM,36584.4294,151.2517464,0.680577829,0.257033748,-0.991605543
ALBA.TA,LSTM,20321.26316,113.1408949,0.630419747,0.071757351,-0.996146865
ALHE.TA,LSTM,90146.43507,201.6924999,-0.848320209,0.069760119,-0.994084842
ALLT.TA,GRU,44793.1022,196.3273241,0.384067404,0.15747785,-0.995145855
ALMA.TA,LSTM,16158.68695,85.16966044,0.036372041,0.088519272,-0.996471108
ALMD.TA,LSTM,0.991634701,0.803397217,0.878916468,0.022029103,-0.999764021
ALMY.TA,LSTM,93420.30224,203.5000214,0.593851474,6.538976085,-0.866813753
ALRPR.TA,GRU,1269313.247,932.1777423,0.571124077,0.063940639,-0.978089613
ALUMA.TA,GRU,104.1570512,7.991555846,-3.806263288,0.207491758,-0.999375069
AMAN.TA,GRU,1337.561416,29.16668354,0.318571662,0.018891586,-0.999297529
AMD.TA,LSTM,10483.08265,71.97692648,-18.9595205,0.078757089,-0.996888189
AMDA.TA,XGBoost,0.251508797,0.393881699,-11.72427661,23.51276305,-0.998772222
AMOT.TA,LSTM,2860.589108,39.1826152,0.934956111,0.022658226,-0.998851803
AMRK.TA,LSTM,9695.561379,75.28724633,0.806731765,0.028529551,-0.997887826
AMRM.TA,XGBoost,11.44650946,1.852571332,-0.376528888,6.641872413,-0.9997557
AMX.TA,LSTM,125.8483423,5.739669086,-34.9400781,0.287743998,-0.994260829
ANGL.TA,LSTM,31405.99757,140.2220449,0.686871782,0.042356062,-0.996087686
APLP.TA,LSTM,53592.27235,146.0383726,-3.81807635,0.335016317,-0.99016888
AQUA.TA,LSTM,13630.87392,85.0471714,-22.10937564,0.603970773,-0.986237118
ARAD.TA,GRU,150621387.1,8792.289682,-24.11370924,0.885754786,-0.75383496
ARAN.TA,LSTM,6484.437796,66.17128053,-0.574654791,0.034514253,-0.997978402
ARBE.TA,GRU,3760.604564,48.61610514,-25.37690826,0.076145796,-0.998695286
ARD.TA,GRU,6746.195026,67.50655011,0.873906198,0.013478229,-0.99842702
ARDM.TA,LSTM,27.42472894,3.153909947,0.928790906,0.050755054,-0.99914419
ARF.TA,GRU,1769157.106,859.4175692,-22.40536992,0.15175191,-0.979405577
ARGO.TA,LightGBM,431291.9825,544.0641826,0.690408546,6.347416458,-0.983979474
ARIN.TA,LSTM,441.018988,16.76057633,-2.89840041,0.077696063,-0.998278123
ARPT.TA,LSTM,118213.419,302.0924797,-0.547241123,0.053321137,-0.992049046
ARTS.TA,XGBoost,1231.532595,28.3756531,-22.0970147,125.525945,-0.996980928
ARYT.TA,LightGBM,53189.16636,206.8158945,-4.199976268,41.70990497,-0.993751722
ASGR.TA,LSTM,647.0810621,20.13390046,0.846862636,0.036400853,-0.999028089
ASHG.TA,GRU,128548.5211,277.1351904,0.73654116,0.048927527,-0.993498171
ASHO.TA,LSTM,1657885.006,1088.157173,-1.951186684,0.250137436,-0.969318104
AUDC.TA,LSTM,24641.70066,119.8736979,0.734909026,0.033899717,-0.996732926
AUGN.TA,LSTM,13185.93316,90.34698846,0.567072816,0.267603604,-0.992830858
AUIS.TA,GRU,212813.9548,359.8923291,-4.445486249,4.792925996,-0.981392455
AURA.TA,LightGBM,356516.1458,524.8020004,-3.406213231,33.56119646,-0.984440382
AUSA-M.TA,XGBoost,2838.698904,20.12224723,-0.161129105,56.85726301,-0.999224725
AVER.TA,LSTM,106191.06,306.1929932,-6.276124825,0.326853752,-0.986550784
AVGD.TA,LSTM,117755.5385,299.047521,-2.098268337,0.167214183,-0.989873522
AVGL.TA,LSTM,101.2389328,9.411420434,-0.205057882,0.073037582,-0.998554188
AVIA.TA,LSTM,21919.8572,76.74958401,0.240138684,0.478900652,-0.98898981
AVIV.TA,GRU,14024.17829,110.3809685,0.835299597,0.074638227,-0.997308256
AVRT.TA,GRU,1069.830174,21.47167612,-0.717724226,0.501289455,-0.998438707
AYAL.TA,LSTM,49157.51099,124.0134972,0.819761763,0.045992812,-0.996391539
AZRG.TA,LSTM,1444762.059,914.7493331,0.72159601,0.033342545,-0.977717437
AZRM.TA,LSTM,16765.4262,91.38637834,0.521282097,0.046219377,-0.997159395
AZRT.TA,LSTM,11264.26026,54.01424789,-1.514305791,0.145721149,-0.996070496
BBLS.TA,LSTM,48.54682198,5.76696399,-4.418075442,0.165343815,-0.996805155
BCNV-M.TA,LSTM,122392366.4,7772.312871,0.239937706,18.89605514,-0.411885159
BCOM.TA,LSTM,8493.288184,63.03893249,0.833078647,0.044867098,-0.997853962
BCUR.TA,LSTM,76.54434515,6.95868122,-2.75870505,0.273079012,-0.994665806
BEZQ.TA,LSTM,868.9016209,21.56060096,0.611812474,0.045376005,-0.998817016
BHNY.TA,LSTM,221978.3968,420.7198739,-74.50384662,1.735324204,-0.955825581
BIG.TA,GRU,2584480.504,1034.429719,0.856111734,0.022780456,-0.975459871
BIGT.TA,XGBoost,6177.328543,68.30068481,-18.44172738,40.03750547,-0.996458939
BIMT.TA,GRU,18.17982194,4.106558297,-6.040946068,0.177517804,-0.999525916
BIOV.TA,GRU,611700.021,392.757531,-144633.5494,14.49184189,-0.78121789
BIRM.TA,XGBoost,0.741781756,0.733233016,0.484539362,7.942426138,-0.99985628
BKFR.TA,LSTM,3908.255441,49.03200531,0.695951714,0.039599752,-0.998286441
BKRY.TA,LSTM,2217.099124,43.04762894,-4.611449341,0.138591006,-0.996456287
BLGO.TA,LSTM,1559.66404,32.6692688,0.110293441,0.042676698,-0.998607354
BLITZ-M.TA,XGBoost,260.1661069,15.03251608,-146.6051421,531.1596063,-0.985716642
BLRN.TA,XGBoost,0.183246532,0.392319649,-0.784521863,62.5850577,-0.999653303
BLRX.TA,LSTM,19.85032158,1.936840519,-0.253304567,0.21188101,-0.99599841
BLSR.TA,LSTM,17982010.89,3402.505812,-1.013338557,0.112793261,-0.913183866
BOLT.TA,LSTM,6689.04868,47.78809948,-1.490468824,1.262197186,-0.974259319
BONS.TA,LSTM,7.114888279,2.514084956,-1.493192525,0.205689465,-0.996101071
BOTI.TA,LSTM,46084.46674,154.1027971,0.832933035,0.040270154,-0.995799974
BRAM.TA,LSTM,258.3217178,9.481061734,-0.892231404,0.060287265,-0.998800182
BRAN.TA,LSTM,36573.84169,144.6909428,-0.449081044,0.109676042,-0.994652364
BRIH.TA,XGBoost,38.10476086,4.442846571,0.579580578,7.038896791,-0.999773583
BRIL.TA,LightGBM,19248.12145,119.1997327,0.874591896,8.300198558,-0.996461176
BRKT.TA,GRU,51.26415939,5.682485962,0.866087778,0.034503621,-0.999804899
BRMG.TA,LightGBM,76928.7888,247.6882057,-2.641221282,19.49825583,-0.992626074
BRND.TA,GRU,60.65701425,5.205234683,0.878596573,0.022020792,-0.999842652
BSEN.TA,GRU,125658711.4,10584.41258,-7.32773345,0.404059556,-0.720678751
BULL-M.TA,XGBoost,22209.76731,141.1632362,-195.0787887,8745.476051,-0.963166946
BVC.TA,LSTM,66.01818222,7.490075398,-0.60480502,0.082328393,-0.998414687
BVGG.TA,XGBoost,0.030436366,0.134735033,0.906248345,1.910164415,-0.999919111
BWAY.TA,LSTM,29438.84725,141.3677204,0.583159936,0.083586512,-0.995250022
CAMT.TA,GRU,91443662.57,7742.326132,-1.121361619,0.216831426,-0.7959899
CANF.TA,XGBoost,1.352298675,0.984550891,-3.643941147,37.46957269,-0.99943575
CAST.TA,LightGBM,495704.0389,534.2800145,0.792201917,7.39952605,-0.984243283
CBI.TA,LSTM,12.23417183,2.481371887,-0.109865615,0.064484749,-0.998885239
CDEV.TA,LSTM,1122257.773,717.7799559,0.152427369,0.056469732,-0.981966429
CEL.TA,GRU,14645.19317,79.58724951,0.663754628,0.044776043,-0.998079743
CFX.TA,LSTM,611.625833,17.92278135,0.409307342,0.048519334,-0.998839594
CGEN.TA,LSTM,12931.72967,97.72148815,-2.672214474,0.150325753,-0.994950108
CILO.TA,XGBoost,1737.771572,37.91545071,-8.419640921,970.2541022,-0.996374236
CION.TA,XGBoost,73.62056649,2.483885849,-0.044849751,-35.98612111,-0.999847544
CISY.TA,LSTM,47373.32425,170.1743184,-0.377888244,0.122117834,-0.993807815
CLAB.TA,LSTM,49404.86904,154.4934692,-3.978821788,0.150299212,-0.993604173
CLIS.TA,GRU,353711.4423,366.7811706,0.629260944,0.049270404,-0.991373678
CMCT.TA,LSTM,1114146.124,840.6544372,-6.652144321,6.297972953,-0.856303143
CMDR.TA,LSTM,29884526.02,3516.51337,-0.206846062,0.10594891,-0.907288983
CMER.TA,LightGBM,807847.0512,809.6939371,-4.071823386,47.4251047,-0.975976519
CNGL.TA,XGBoost,8.051117454,1.377640785,0.063088953,17.0784909,-0.999786591
CNTC.TA,LSTM,242383.5772,340.8170529,-18.17882152,45.25594659,-0.101997411
CNTL-M.TA,LSTM,1538.121912,34.01500183,-31.00431808,0.466905351,-0.990091953
CNZN.TA,LightGBM,7489.20422,59.38295803,-0.667700338,2010.070477,-0.994212271
CPIA.TA,XGBoost,0.046045089,0.200546475,-19.47562413,40.40777312,-0.998070459
CPTP.TA,LSTM,90.82014606,5.156243134,0.443559358,4.331483361,-0.914903175
CRML.TA,LSTM,50437.38923,197.4715229,-0.715674208,0.109880405,-0.993406488
CRMT.TA,LSTM,51854.36704,125.2400215,0.456814975,5.162932391,-0.895722194
CRSM.TA,GRU,202041.0916,347.8723809,-1.449489326,0.15970094,-0.991611373
CRSR.TA,LSTM,107662.39,255.5611386,0.64108379,0.066739744,-0.99288378
CTPL1.TA,LightGBM,200589182,6208.513485,-0.237847558,22.56256949,-0.756205188
CTPL5.TA,LSTM,3540580744,42677.30821,-0.768025334,3.507773105,1.06878293
DANE.TA,GRU,993604.3698,784.4311484,0.945292247,0.02157319,-0.981654215
DANH.TA,LSTM,220173.0628,244.9507354,-36.16341395,0.103798906,-0.99220581
DELG.TA,GRU,565178.7473,622.2449981,0.719056132,0.036003519,-0.985470913
DIFI.TA,GRU,5862214.959,1988.096269,0.049395694,0.037220999,-0.952589596
DIMRI.TA,LSTM,22258561.21,4226.218909,-2.942621102,0.126490149,-0.892396915
DIPL.TA,LightGBM,44719.44416,108.0492519,0.794340851,2.826428979,-0.996786846
DISI.TA,LSTM,258.2475586,13.60140297,0.93303219,0.037745124,-0.999155216
DLEA.TA,LSTM,27300.47046,143.3676113,0.676474105,0.065355211,-0.995562753
DLEKG.TA,LSTM,5760245.885,2078.62897,0.528332208,0.04941109,-0.948909992
DLTI.TA,GRU,303729.228,493.0400023,-1.362359123,0.076146305,-0.98842535
DNA.TA,XGBoost,8.327241361,1.954780641,0.924694348,2.326245186,-0.999874497
DNYA.TA,LSTM,3173860.566,1114.021531,-0.506625327,0.10251221,-0.971193842
DORL.TA,LSTM,8228.535079,80.67839916,0.542418619,0.062188007,-0.997098742
DRAL.TA,LSTM,35212.99979,155.7337359,0.934123524,0.020113727,-0.996161715
DRSH.TA,LSTM,8111.326988,73.27048708,-0.304598273,0.05122533,-0.997484146
DSCT.TA,LSTM,110526.6287,267.19918,-1.477673501,0.119664381,-0.991559816
DUNI.TA,GRU,10619267,2093.842496,-0.080802907,0.082680852,-0.948730262
ECNR.TA,LSTM,34995.06114,159.1072883,0.772578621,0.072544972,-0.9950508
ECP.TA,LSTM,246405.5803,352.6027931,0.809020081,0.042759084,-0.991043143
ECPA-M.TA,LSTM,0.598431662,0.508372683,0.352128932,0.055998498,-0.999100461
EFCP.TA,XGBoost,3.547539134,1.491783878,-1.68322024,11.96280729,-0.999641031
EFNC-M.TA,XGBoost,0.107600793,0.189559209,-0.501376402,8.404354371,-0.999783099
ELAL.TA,GRU,20169.26543,112.6566745,-0.476433889,0.160397216,-0.997068698
ELCO.TA,LSTM,1607578.306,1084.955173,0.280756523,0.090270615,-0.97256161
ELCP.TA,LightGBM,1163760.196,995.3805071,-23.62485028,49.85574216,-0.970132667
ELCRE.TA,LSTM,73634.03406,232.7837172,0.625080673,0.056057169,-0.993637134
ELDAV-M.TA,XGBoost,0.085611513,0.215836377,-0.683783739,8.944908231,-0.999765551
ELLO.TA,LSTM,69323.45884,200.8572352,0.728349256,0.03805528,-0.994740964
ELMR.TA,GRU,13295.19714,68.6230965,0.444536512,0.056112338,-0.998307564
ELRN.TA,LSTM,3527.036653,33.89488133,-1.774296547,0.081840132,-0.99779933
ELSPC.TA,LSTM,8979.886815,67.12440106,0.443052378,0.09918405,-0.996688049
ELTR.TA,LSTM,46846373.33,4919.214113,0.935533464,0.028767185,-0.871153756
ELWS.TA,LSTM,3771244.403,1694.093575,0.205596416,0.094723388,-0.957589441
EMCO.TA,XGBoost,182402.716,300.265774,-21.13254684,34.45250748,-0.990393951
EMDV.TA,LSTM,10129.77634,61.22433645,0.729406868,0.02546287,-0.998277187
EMITF-M.TA,XGBoost,0.008770091,0.064814487,0.967085666,1.541716747,-0.999926838
EMTC-M.TA,XGBoost,0.053375995,0.221068022,-17.06323128,119.6278596,-0.998133837
ENDY.TA,LightGBM,93.95449252,7.934062188,0.933822194,2.940064737,-0.999713813
ENLT.TA,LightGBM,65797.76541,195.287155,0.393380633,3.265785579,-0.99423621
ENLV.TA,LightGBM,63461.27765,227.1971004,0.475268106,33.21080235,-0.993251229
ENOG.TA,LSTM,33236.25925,155.1733915,0.199666518,0.033567132,-0.995907494
ENRG.TA,LSTM,567.1026155,19.90831527,0.795507327,0.015830601,-0.999437735
EPIT.TA,LSTM,103587.9087,270.4747473,-1.002878648,0.313759428,-0.987669769
EQTL.TA,LSTM,1517440.466,872.1634353,0.248286715,0.062861269,-0.978112072
ESLT.TA,LSTM,40728338.68,4952.526042,0.510313247,0.0599491,-0.871485983
ETGA.TA,LSTM,19453.02986,121.69537,0.315093588,0.084267825,-0.995699191
EVGN.TA,LSTM,772713.9381,720.8715679,-1.010444543,0.949818839,-0.964417386
EXPO.TA,LSTM,1167601.468,768.5704117,-0.877450458,0.133653801,-0.979240842
FBRT.TA,LSTM,752357.6202,700.3055529,0.118192259,0.051822009,-0.982571614
FEAT.TA,GRU,6176.317016,61.75426025,-0.998053746,22.65893306,-0.949994104
FGAS.TA,LSTM,4663.731937,55.77489716,-1.180665227,0.050521262,-0.997904968
FIBI.TA,LSTM,5013237.035,1664.876913,-2.093487117,0.100129767,-0.957806553
FIBIH.TA,LightGBM,1426006.56,633.5111936,0.155826955,3.689428101,-0.981061876
FLYS.TA,LSTM,281.7960145,13.76924382,-6.9618447,0.25278894,-0.994886272
FORTY.TA,LSTM,520610.6868,552.9540301,0.901638047,0.018373599,-0.986751149
FOX.TA,XGBoost,1773450.707,1152.211464,0.7032823,4.180975039,-0.9706424
FRDN.TA,LightGBM,207371.3359,308.774983,0.367556549,6.882176011,-0.990884426
FRSX.TA,XGBoost,2339.736888,27.04806663,-478.6785431,294.1823647,-0.956919503
FTAL.TA,LSTM,13617642.86,3230.744411,0.527814337,0.071208909,-0.919266013
G107.TA,LSTM,143.602046,9.245101929,-15.68218859,0.199716682,-0.995996808
GAGR.TA,LSTM,1669.173172,36.74767669,0.54600252,0.129594136,-0.996804261
GAON-M.TA,LSTM,827620.4523,670.9519282,-0.544759801,2.719211632,-0.930773872
GCT.TA,LSTM,2184.530001,34.31668711,0.924196879,0.028668209,-0.99884776
GEFR.TA,LSTM,19.40309053,3.583662266,0.770080906,0.060797766,-0.99893589
GFC-M.TA,LSTM,18541.64265,83.74704461,0.926112424,2.619523018,-0.94672887
GIBUI.TA,LSTM,0.010434515,0.082654472,0,0.108328271,-0.998079645
GILT.TA,LSTM,772.2773639,23.16556307,0.976050865,0.012666498,-0.999424398
GIVO.TA,XGBoost,0.01214117,0.094183387,-8.33627622,38.57126194,-0.999047098
GIX.TA,LSTM,92.85094921,6.105606575,-7.552972377,0.401717295,-0.992134161
GKL.TA,LSTM,10.00195262,1.924963168,0.8898026,0.028091769,-0.999618549
GLEN-M.TA,XGBoost,0.001215068,0.030014056,-10.81916989,102.1508318,-0.998714942
GLRS.TA,LightGBM,14819535.08,2886.089102,-1.377530347,7.114679735,-0.911318795
GLTC.TA,LSTM,46.50560204,5.945864406,-2.742188205,0.357536937,-0.993028532
GLTL.TA,LSTM,94.84055621,8.839351902,-1.105116379,0.145764288,-0.997133172
GMLA.TA,LSTM,34844.35095,162.1256027,0.061256983,4.832845858,-0.901352951
GNCL.TA,LSTM,3485.197959,54.71448528,-171.0116298,1.002073078,-0.978449613
GNGR.TA,GRU,6192.553856,70.98835022,-2.977243386,0.074417097,-0.998211705
GNRS.TA,GRU,20.26899648,3.008813408,0.733367769,0.04810437,-0.999837035
GOHO.TA,LSTM,111974.5186,275.1684203,-5.076952328,0.133079067,-0.99109261
GOLD.TA,LSTM,311077.276,406.0885099,0.826823612,0.029439964,-0.990033652
GOLF.TA,LightGBM,1221.753294,25.96326518,0.911688858,6.082489788,-0.999182671
GOSS.TA,LSTM,178.0544795,8.915255663,0.65105989,0.019219224,-0.999628133
GOTO.TA,XGBoost,12.92949532,2.688404649,-21.6607708,60.46553043,-0.997780889
GPGB-M.TA,LSTM,14690.22403,44.81475833,0.907457737,0.930358987,-0.98086402
GRAC.TA,XGBoost,3.178252177,1.357295211,0.530130163,11.2070866,-0.999838638
GRIN.TA,XGBoost,2.336854159,0.837816394,-0.314169558,7.736179789,-0.999784456
GSFI.TA,LightGBM,440018.7912,457.0879614,0.376340236,13.69019347,-0.986485695
GUID.TA,GRU,123113.8783,260.7810076,-1.326426777,17.80663201,-0.955791818
GVYM.TA,LSTM,28871.34134,147.3588113,-0.122398722,0.05045668,-0.995758206
HAMAT.TA,GRU,3375.76565,47.10939187,0.933367995,0.038372631,-0.998843505
HARL.TA,LSTM,223548.0226,278.9718028,0.302006962,0.064003499,-0.992354785
HDST-M.TA,XGBoost,0.043139224,0.176198618,-1.097289638,50.06401102,-0.999654572
HGG.TA,LSTM,8771.076114,76.81160085,0.812718272,0.044421456,-0.997539839
HGGE.TA,LSTM,4190.904811,54.99025819,0.37038413,0.108683878,-0.996786558
HICN.TA,XGBoost,133440.1609,300.9330298,-517.510207,287.6123688,-0.946672835
HIPR.TA,LSTM,12056.276,89.8363444,-0.722559417,0.057059057,-0.996978245
HIVE.TA,XGBoost,0.067408771,0.198654952,0,15.8796918,-0.999812752
HLAN.TA,GRU,663359.7656,568.7434896,0.465358691,0.027155673,-0.986691904
HLMS.TA,LSTM,3009.916143,42.36403997,-0.529443263,0.081449122,-0.997614332
HMAM.TA,GRU,4025.934507,43.68052704,-0.236348101,1.443424381,-0.995907575
HMGS.TA,LSTM,68858.02836,231.4674422,-92.05445327,2.597515407,-0.943266922
HOD.TA,GRU,58071.51635,170.9945535,0.774646104,0.042941451,-0.995970551
HRON.TA,LSTM,354337984.7,9536.265498,0.171051122,0.678248631,-0.663343373
HUMX.TA,GRU,346.7235528,14.07657469,-3.399415403,0.362853461,-0.99890246
IARG.TA,XGBoost,0.484650311,0.475109212,-0.815308398,46.00051738,-0.999679181
ICL.TA,LSTM,20318.19726,114.3045694,-1.024496418,0.071328432,-0.996120573
ICON.TA,LightGBM,52260.26412,210.412616,-66.27201835,48.19879391,-0.992592675
IDIN.TA,LSTM,2603938.444,1247.661673,-0.540330054,0.099495856,-0.968282567
IDMO.TA,LSTM,5514.518824,63.98203382,-3.066273366,0.178442665,-0.995188005
IDNT.TA,GRU,11783.84697,94.04545806,-3.775360158,0.526283163,-0.996710136
IES.TA,LSTM,845712.0419,715.9054878,0.732876703,0.034077039,-0.982531487
IGLD.TA,LightGBM,6218.689952,70.85611471,-4108.141779,1253.863496,-0.926431179
ILCO.TA,LSTM,13515703.07,2808.669842,0.681608938,0.033955921,-0.929918103
ILDC.TA,LSTM,23262.78578,129.3714034,0.72458907,0.041532652,-0.996360599
ILDR.TA,GRU,9334.931594,69.61098772,-2.539703155,0.088979045,-0.998211798
ILX.TA,XGBoost,71735.01906,211.6685706,0.719651132,3.261387748,-0.994598304
IMCO.TA,LSTM,437904.1188,530.5501342,-5.8774902,0.170093731,-0.984284925
IMED.TA,LightGBM,62957169.07,6987.747061,-59574.15654,76385.23878,0.374373549
INCR.TA,LSTM,21512.4604,84.76729057,-0.321005281,0.124649636,-0.995766813
INFR-M.TA,LightGBM,237349.6008,444.9275703,-8.705861746,504725.7172,0.013173412
ININ.TA,GRU,480.3486742,19.49861939,-1.600561379,0.080004843,-0.999386576
INRM.TA,LSTM,5067.762435,48.61756909,0.915721903,0.036089168,-0.99836586
INTO.TA,LSTM,43369.08915,178.8281257,-0.689896044,0.686932193,-0.982496191
INTR.TA,LSTM,11417880.3,2848.786876,-0.767234524,5.123435259,-0.829465939
ISCN.TA,LightGBM,15683.10439,112.2095688,-0.102689683,8.108320766,-0.99664951
ISHI.TA,LSTM,114312.4188,238.8914496,0.927638838,0.033344289,-0.993930604
ISI.TA,LSTM,2082.549747,32.70800781,0.66627628,0.023100979,-0.998993814
ISOP.TA,XGBoost,0.000249039,0.011558978,0.927735537,1.587494143,-0.999924655
ISRA.TA,XGBoost,0.06361242,0.206756421,-2.482918985,12.75777109,-0.999601974
ISRG.TA,GRU,77.48958303,6.611947583,0.727673214,0.036882149,-0.999778256
ISRO.TA,LightGBM,151170.1849,288.691608,0.583371453,3.486486991,-0.991496389
ISRS.TA,GRU,65742533.14,5199.133861,-0.157260635,0.062675862,-0.861971086
ISTA.TA,LSTM,297162.4606,459.6149605,0.747804976,0.057894526,-0.988223376
JBNK.TA,LSTM,38178.39881,121.3548475,-0.076331398,0.078997682,-0.995803767
JCFN.TA,LSTM,12828.00336,89.85565451,-0.07194556,0.045361697,-0.997210568
JNGO.TA,LSTM,21502.88347,82.44514698,-5.002048993,3.606594989,-0.927318418
KAFR.TA,GRU,71625.38115,215.994093,0.280103271,0.083121392,-0.994845611
KARE.TA,LSTM,2082.294178,37.6585614,-0.069126205,0.075655414,-0.997840876
KDST.TA,LSTM,45809.86913,149.7732301,0.407213174,0.184965612,-0.99305376
KEN.TA,LSTM,200795.6424,365.7975975,0.611910062,0.036884277,-0.990861504
KLIL.TA,LSTM,785618.3668,757.0124968,0.892175088,0.035483535,-0.981558309
KMDA.TA,LSTM,2837.837545,41.32638823,0.692138868,0.01960875,-0.998860458
KNFM.TA,LSTM,33694.89547,137.3389709,-0.496806481,0.106839748,-0.994881015
KRDI.TA,GRU,68.22028614,6.112666929,0.950419787,0.023198117,-0.999819355
KRUR.TA,LSTM,77528.22164,198.1093155,0.757841403,0.030082434,-0.994959975
KSTN.TA,GRU,270.3216536,13.38550914,0.897534159,0.024196628,-0.999649916
LAHAV.TA,LSTM,201.517521,11.56161573,0.940206052,0.030616369,-0.999343266
LBRA.TA,LSTM,69138.21788,221.9082418,-2.034574255,0.263156485,-0.989808085
LCTX.TA,XGBoost,0.065451934,0.158434372,0.875796338,5.797612874,-0.999908686
LEOF.TA,GRU,532.5435703,19.85378656,0.453227411,0.084110528,-0.999372128
LEVI.TA,LSTM,5104922.753,2005.153265,0.824667954,0.068996763,-0.950432874
LHIS.TA,GRU,243036.2416,392.4615314,-0.393244618,1.67561956,-0.987325394
LODZ.TA,LSTM,410004.339,309.5553258,0.120999036,7.811848896,-0.839202725
LPHL.TA,XGBoost,0.001481796,0.031060061,0.509679134,2.835846887,-0.999885436
LPSN.TA,XGBoost,927681.0824,887.9728496,-7.354325604,276.4346667,-0.976267462
LSCO.TA,LSTM,95.85107886,7.096587514,0.939856044,0.022492555,-0.999607694
LUDN.TA,LightGBM,132589.9586,280.4655752,-1.373167896,15.85533753,-0.991684062
LUMI.TA,LSTM,489826.0902,598.9940771,-1.894293019,0.158088108,-0.982920584
LURO.TA,LSTM,24816.34765,151.6757609,-10.32190038,0.081924375,-0.994993314
LUZN.TA,LSTM,3084.226465,49.11544477,-3.569330213,0.189880213,-0.995309823
LVPR.TA,LSTM,70672.67639,215.0287252,0.914136439,0.03509118,-0.994467655
MAXO.TA,LSTM,9908.284482,81.7183088,0.189623356,0.074649036,-0.99682723
MCLL.TA,LSTM,2254.021625,38.15783394,0.779017163,0.051861687,-0.99830092
MCMN.TA,LSTM,829502.0973,593.2334807,0.906227471,0.028975165,-0.985511603
MCRNT.TA,LightGBM,980.5458869,29.30195977,-13.49343616,16.90291738,-0.998822442
MDIN.TA,XGBoost,0.141207332,0.293925818,-0.793444721,18.35911062,-0.99973666
MDPR.TA,LSTM,274.3800489,13.64995271,0.889568689,0.026433137,-0.999376358
MDTR.TA,LSTM,915.3865382,26.92963639,0.884483054,0.032601254,-0.998943676
MEDN.TA,XGBoost,10.65683015,2.418072634,0.886951518,1.506397996,-0.999861152
MGDL.TA,LSTM,2964.292024,37.56713073,0.640962971,0.061650713,-0.99812141
MGIC.TA,LSTM,13693.58207,91.44874635,0.724363757,0.022024809,-0.997635567
MGOR.TA,GRU,317600.5474,435.9753478,0.577730357,0.042622048,-0.989807459
MGRT.TA,LSTM,404.7402673,17.16231903,0.943836195,0.042528443,-0.998977709
MIA.TA,LSTM,14.07663455,3.35514692,-1.865864893,0.136363622,-0.997443158
MIFT.TA,LightGBM,3698265.534,1699.76447,-1399.65597,744.337567,-0.924381585
MISH.TA,GRU,13457253.03,3391.941184,-4.94905997,0.198966966,-0.917842394
MLD.TA,XGBoost,0.020428206,0.136761319,-13.89534692,613.154233,-0.997500512
MLRN.TA,LSTM,3301.0612,48.86262127,0.347296498,0.077239484,-0.997548724
MLSR.TA,GRU,8960205.098,2123.436738,-0.556987853,0.069643203,-0.94854156
MLTM.TA,LSTM,18625.32945,92.7922661,0.981282223,0.014397159,-0.997753869
MMHD.TA,LSTM,6895562.196,1842.662276,-1.035043161,0.146002673,-0.952211656
MNIF.TA,LSTM,66881.63592,212.5320404,-1.024087381,0.142632917,-0.992403395
MNIN.TA,XGBoost,494.445675,13.39501804,0.980346661,1.31631501,-0.999595392
MNRT.TA,LSTM,145.815624,8.992326814,0.448913985,0.048330073,-0.999052883
MPRS.TA,GRU,254.7100236,12.10408413,0.638451166,1.402626516,-0.996723025
MRG.TA,LSTM,52688.51443,175.3132494,0.124296072,0.235721777,-0.991453841
MRHL.TA,LSTM,302.2166963,13.28350264,0.186787138,2.852531358,-0.943799041
MSBI.TA,LightGBM,68.45705259,5.826207466,0.622814809,4.934181652,-0.999765935
MSHR.TA,LSTM,249.4961638,13.75913939,0.267390157,0.019701529,-0.999503397
MSKE.TA,LSTM,2615.224219,42.65904153,-1.196276269,0.212525058,-0.995026568
MSLA.TA,LSTM,4204.831789,37.23604081,-3.17679544,0.028486117,-0.998763874
MSVT.TA,LSTM,88269.18031,286.5043623,-131.4311471,2.258747013,-0.948457068
MTLF.TA,LSTM,524.8220986,18.61309604,-0.642850835,0.050644851,-0.998776896
MTRN.TA,LightGBM,2170188.089,1143.776467,-0.377135761,104.6245822,-0.965782896
MTRX.TA,LSTM,62571.73959,167.4185086,0.82626484,0.021281322,-0.995856743
MVNE.TA,LSTM,1001.769516,21.01307839,0.842776159,0.021041782,-0.999309447
MYDS.TA,LSTM,304.5580095,11.94330949,-1.743358302,5.481690415,-0.892112345
MZTF.TA,LightGBM,3150870.839,1333.96008,-1.627792391,9.256491768,-0.960112508
NAWI.TA,LSTM,332947.8031,417.8739301,-0.808064522,0.127350526,-0.98781828
NFTA.TA,LSTM,96756.67914,287.2279698,-3.550421954,0.133160664,-0.99081961
NICE.TA,LSTM,5663328.298,1746.180577,0.16084406,0.026319427,-0.957179699
NISA.TA,LightGBM,1576.162506,32.37642227,0.922640585,2.361476319,-0.999003656
NOFR.TA,LSTM,21477.17436,120.2621577,0.658224057,0.013844182,-0.997118817
NRGN.TA,LightGBM,25292.52479,135.3306141,-3.031345657,40.42734347,-0.995861062
NSTR.TA,LSTM,5086.762648,55.66131443,0.903086202,0.051126205,-0.997905008
NTGR.TA,LightGBM,188.2362499,10.81219206,0.981032322,0.971618906,-0.999634796
NTML.TA,LSTM,78381.2667,247.966388,0.899598753,0.037512456,-0.993646006
NTNB.TA,LSTM,190.136995,12.08699461,0.51169787,0.055948788,-0.998830798
NTO.TA,LSTM,325132.9759,432.2331682,0.834039877,0.05396841,-0.988934684
NURI.TA,LSTM,650997.8529,649.3812734,-43.38957652,0.862322407,-0.967656672
NVLG.TA,LSTM,345.0281377,11.08587783,-0.993152838,0.076201691,-0.998449099
NVMI.TA,GRU,76391403.38,7938.760169,-0.758907908,0.110018004,-0.795915589
NVPT.TA,XGBoost,440.614211,18.40732785,-3.495298131,35.74995799,-0.999016675
NWMD.TA,LSTM,4394.473513,48.36198959,0.586472147,0.04472335,-0.99820074
NXFR.TA,LightGBM,1140100.111,846.9567509,-54.41169604,377.3876263,-0.97328979
NXGN.TA,LSTM,859.6698655,19.85940028,-2.412524466,0.249311334,-0.994832315
NXSN.TA,XGBoost,567.5551926,22.46664352,-12.06736021,47.95702851,-0.998145827
NXTG.TA,LSTM,135.467428,9.368061438,-2.230703744,0.133260263,-0.997361622
NXTM.TA,LSTM,681.9767133,20.01900575,0.630564937,0.032562244,-0.999105293
NYAX.TA,LSTM,208116.1099,412.2324438,0.634025339,0.042125675,-0.989668402
ONE.TA,LSTM,192562.9423,286.6891832,0.616215759,0.048996809,-0.992479268
OPAL.TA,LSTM,171.5106753,11.18143606,0.632397814,0.064477144,-0.998684833
OPCE.TA,LSTM,11114.19034,93.76333444,0.690082055,0.032897631,-0.997368063
OPK.TA,GRU,1219.181384,23.69889567,0.125211579,0.04205193,-0.999373341
ORA.TA,LSTM,317716.4832,473.9354675,0.840685697,0.016785011,-0.988690963
ORAD.TA,LSTM,2.016747018,1.04119873,0.862836193,0.016617411,-0.999864812
ORBI.TA,LSTM,37793.67683,149.462181,0.513330376,0.057715259,-0.995566508
ORIN.TA,LSTM,14642.02652,94.28851765,0.647417307,0.047923304,-0.997059049
ORL.TA,LSTM,72.92402785,7.459800906,-5.485126864,0.081505409,-0.998409576
ORMP.TA,XGBoost,0.140905191,0.3135844,0.850115745,3.49346344,-0.999906829
ORON.TA,LSTM,1885.848671,33.76706206,0.644728071,0.039592785,-0.998644602
ORTC.TA,LSTM,188880.892,371.7765786,-9.347042294,0.388189365,-0.98377052
OVRS.TA,LSTM,86.04838791,7.235337916,0.735614272,0.020389303,-0.999644891
PAYT.TA,LSTM,160058.1061,297.3366243,0.041676306,0.043545314,-0.992343588
PAZ.TA,LSTM,36748268.05,4957.526343,-0.90807147,0.120627814,-0.871293144
PCBT.TA,LSTM,27351.21489,133.0657138,-0.26733789,0.20117598,-0.993128598
PEN.TA,LSTM,11.79924529,2.755186872,0.982021604,0.015960267,-0.999838109
PERI.TA,LSTM,645275.6279,723.0636492,-48.08089906,0.231500282,-0.978317425
PHOE.TA,LSTM,537884.3891,531.6704241,-0.807466863,0.116661802,-0.985304177
PHTM.TA,LightGBM,571659.9545,674.5319625,-5.214931515,29.13845311,-0.979997707
PLAZ-L.TA,GRU,1696.551251,33.30794081,0.892844321,1.572571726,-0.995871092
PLCR.TA,LSTM,38239.63274,121.4108394,-4.524026703,4.836879507,-0.902206002
PLNT.TA,LSTM,250733.1269,412.439703,-47.93035974,8.917508553,-0.814874563
PLRM.TA,LSTM,3483198.605,1601.500732,-2.298044151,0.230357711,-0.957161507
PLSN.TA,LSTM,51296.7192,157.0352515,0.983181743,0.010914445,-0.996307825
PLUR.TA,LightGBM,1687503.267,1164.501271,-9.599658939,57.16776346,-0.96527156
PMNT.TA,LSTM,1148.283989,27.10202606,0.184893337,0.099524194,-0.9976202
PMVM.TA,GRU,11457.2578,69.4582687,-1.461014981,0.318462506,-0.997723921
POLI.TA,LSTM,365923.409,492.6037419,-1.936062055,0.124854811,-0.986101919
POLP.TA,GRU,3061.539571,50.96382711,0.725982781,0.043937406,-0.998742804
POLY.TA,XGBoost,13.89411378,2.842779261,-0.534141712,7.053473107,-0.999716479
PPBT.TA,LSTM,854.862661,13.96396394,-46.82445578,1.612572261,-0.967958063
PPIL.TA,LSTM,51371.47135,131.4791494,0.130657934,20.28472619,-0.598164429
PRIM.TA,GRU,1798.795814,21.246089,0.884724286,0.031438218,-0.999453258
PRKM.TA,LSTM,5387.487182,55.22914327,-0.237261367,0.118614436,-0.996582572
PRMG.TA,LSTM,79497.11782,244.6211212,-0.950108572,0.188769538,-0.990740864
PRPD.TA,XGBoost,4819.197209,51.00695402,0.89746215,2.591075234,-0.998645386
PRSK.TA,LSTM,332410.9669,454.4166309,0.826275539,0.046817151,-0.988553446
PRTC.TA,LSTM,10298465.04,2334.153424,-0.415711916,0.11906189,-0.940266722
PTBL.TA,GRU,1223348.654,728.8413691,0.897443193,0.030577603,-0.982848367
PTCH.TA,XGBoost,0.004985128,0.049308825,0.98409105,2.24252241,-0.999927413
PTNR.TA,LightGBM,12469.27181,86.70615488,0.62401352,5.159265965,-0.997410061
PTX.TA,LSTM,406.5843907,14.63108306,-0.416384002,4.574219996,-0.909903136
PULS.TA,LSTM,18433.18671,87.00903654,-1.589177542,0.239780579,-0.993445081
QLRD.TA,LSTM,94522.3352,260.9705733,-0.556713641,0.074769911,-0.992597404
QLTU.TA,LightGBM,45765035.25,5584.441269,-2.172967194,37.40927601,-0.823046576
QNCO.TA,LSTM,1091.805139,26.68998061,0.561671546,0.067326459,-0.998264823
RANI.TA,LSTM,278.2288867,13.3077694,0.887625823,0.044116257,-0.999036581
RATI.TA,XGBoost,0.082373565,0.159858194,0.051183287,4.972880199,-0.999838323
RAVD.TA,LightGBM,7059.13269,69.71034095,-1.293754985,8.749551472,-0.997866606
RAYG-M.TA,LSTM,467.129575,15.08788913,0.477431777,1.637286066,-0.967659051
REKA.TA,LSTM,7777.832537,67.28281508,-0.320078528,0.047634462,-0.997695095
RIMO.TA,GRU,70993.57807,233.7975267,0.64431281,0.054081426,-0.994499279
RIT1.TA,LSTM,4810.28042,49.94532838,0.879537218,0.029441593,-0.9984654
RLCO.TA,LSTM,106883.1052,208.2543251,0.773600673,0.050378295,-0.994314868
RMLI.TA,GRU,422582.8631,590.6434336,0.84122842,0.026921835,-0.986256838
RMN.TA,LSTM,9268.490721,91.39714782,0.336461404,0.071412604,-0.996664935
RMON.TA,LSTM,68092.20361,207.9857061,0.720530155,0.051849197,-0.99430295
ROBO.TA,XGBoost,0.007028038,0.06565606,0.78224736,6.19906502,-0.99990211
ROTS.TA,LSTM,471923.8905,514.5164448,0.309840206,0.100363742,-0.986050336
RPAC.TA,LSTM,4495.779685,55.38566478,0.769917447,0.022001961,-0.998483839
RSEL.TA,LightGBM,12507.06812,93.49456278,-2.078972901,13.31945798,-0.997151142
RTEN.TA,XGBoost,0.040695344,0.164684962,0.846715787,7.293895193,-0.999903233
RTLS.TA,LSTM,111501.0234,270.3186776,0.669891246,0.039170993,-0.993079244
RTMD-L.TA,XGBoost,1255.579247,30.76380927,-2.946002239,86.76633478,-0.998661529
RTPT.TA,XGBoost,0.00234274,0.03588337,0.454463711,17.09663907,-0.999854168
RVL.TA,LSTM,550.0967459,14.04549836,-0.349816254,0.071949771,-0.998466219
RZR.TA,GRU,755.8569564,23.24786247,0.882331858,0.044577225,-0.999379357
SAE.TA,LSTM,429992.5609,528.2003799,-1.336668024,0.153538857,-0.984688288
SANO1.TA,LSTM,846232.2105,657.6066914,0.834829007,0.020305056,-0.984168703
SARN.TA,LSTM,122.5430639,7.73351412,-15.9279425,0.121008007,-0.99757914
SBEN.TA,LSTM,354.8796543,15.36834174,-0.758562577,0.064880869,-0.998572463
SCC.TA,XGBoost,3754.742148,56.74533454,-9.902001555,149.1412253,-0.99729075
SCDX.TA,LSTM,467.1172935,15.53463978,0.348796498,0.048990999,-0.998886044
SCOP.TA,LSTM,360338.6992,491.8297764,0.831334907,0.043501806,-0.987734132
SEMG.TA,LSTM,1425.216128,30.98547835,0.56535129,0.152644476,-0.99648609
SFRN.TA,LightGBM,2209.289317,27.62061979,0.821200705,4.670412657,-0.999135452
SHAN.TA,GRU,337.9427445,10.14918934,0.684192721,0.025844154,-0.999720492
SHGR.TA,LSTM,14602.13675,107.1370373,-0.098619376,0.102689537,-0.99567751
SHMM.TA,GRU,807.9368494,10.46208673,-0.251236703,1.866968952,-0.995763737
SHNP.TA,GRU,3806.434434,32.95420295,0.796014715,0.024529838,-0.999198276
SHOM.TA,LightGBM,101.1785653,8.46035657,0.980753065,1.589353367,-0.999701973
SKBN.TA,LSTM,2941.521466,43.13934674,0.924149053,0.044358511,-0.998332224
SKLN.TA,LSTM,5814.635801,62.37678639,0.826520502,0.03662758,-0.998032256
SLARL.TA,LSTM,1687.728727,30.51308981,0.845568187,0.037817465,-0.998756726
SLRM.TA,XGBoost,0.733956675,0.410506148,-0.298024348,7.62431608,-0.99979674
SMAG.TA,LSTM,43418.77591,138.9270205,-17.01296454,0.405699912,-0.98888871
SMNR.TA,XGBoost,13.22165529,2.635080092,-0.645983833,18.0627217,-0.999691588
SMT.TA,LSTM,37384.47667,159.1386421,0.864698915,0.030066918,-0.995885249
SNCM.TA,LSTM,62.8633174,4.661243408,0.355123063,0.040725881,-0.999303524
SNEL.TA,XGBoost,74503.98367,215.1907237,-1.756910119,13.85602145,-0.994274237
SNFL.TA,LSTM,102.0808495,7.073502207,0.829901956,0.01319401,-0.999790618
SOFW.TA,LightGBM,193445.5183,419.7710837,-11.7778934,23.48134385,-0.987424904
SOLR.TA,LightGBM,1206.005167,23.11816392,0.945558921,0.702340162,-0.999276624
SONO.TA,XGBoost,0.65918665,0.738664412,-6.569407515,110.1920937,-0.999052684
SPDV.TA,LSTM,1299.944086,27.52085894,-0.875330078,0.075100754,-0.998085914
SPEN.TA,LightGBM,7272.915722,58.84537173,0.892001265,2.938634883,-0.998230633
SPNS.TA,LSTM,3232013.964,1634.294779,-0.332005525,0.125675572,-0.958531748
SPNTC.TA,LSTM,1545.974401,32.8987263,-0.514462174,0.07272175,-0.998008249
SPRG.TA,LSTM,72054.62878,192.7708624,0.002826785,12.67891008,-0.746310416
SRAC.TA,LSTM,16355.28994,110.1518892,0.946538817,0.036724683,-0.996908458
SRFT.TA,LSTM,425281.6655,555.7094111,-2.102002068,0.14825962,-0.984145414
STEC.TA,LSTM,12235.34283,69.44513599,0.241067392,2.664533767,-0.946177425
STG.TA,XGBoost,46.86260268,6.435703605,-9.377348349,15.5901857,-0.998840456
STRG.TA,LSTM,438.3186946,18.03857752,-1.506505763,0.350948995,-0.992880209
STRS.TA,LSTM,892545.4561,764.2237876,-1.85549926,0.131621725,-0.979455934
STRW.TA,LSTM,513298.954,705.7299805,-53.69500562,0.191279119,-0.9795266
SVRE.TA,LSTM,3498.693566,47.29495899,-46.91323032,6.698885003,-0.867140065
SVRT.TA,GRU,212203.0147,402.3326974,-99.25028989,0.972719884,-0.988492468
TATT.TA,LSTM,5318564.159,1984.813433,-2.17757721,0.277562784,-0.946733589
TAYA.TA,LSTM,27529.8949,135.4551297,0.580058119,0.022530857,-0.996589911
TDRN.TA,LSTM,11554634.92,3102.293207,-1.618417205,0.15033342,-0.921292648
TECT.TA,LSTM,2223.388064,43.33713687,0.084799529,0.096888939,-0.997290858
TEDE.TA,LSTM,61007.50782,219.0877956,-1.807578287,0.36746398,-0.987826009
TEVA.TA,LightGBM,2905170.339,1454.609729,-2.245104224,23.15410587,-0.956644164
TFRLF.TA,LSTM,386602.5455,596.0558338,-10.64320611,0.200383302,-0.982147292
TGI.TA,LSTM,250.9541836,14.34639473,-2.877279654,0.080969125,-0.998270467
TGTR.TA,LSTM,6127.036872,47.10170318,-1.134477053,0.106845463,-0.997000226
THES.TA,GRU,6563.260185,79.47273242,-0.747415238,0.163720912,-0.997827818
TIGBUR.TA,XGBoost,5.139886192,1.512528081,0.805256258,3.322935436,-0.999873294
TIGI.TA,XGBoost,715889.1603,715.693845,-5.276852197,147.3978493,-0.981046877
TKUN.TA,LSTM,272.5047034,14.29590791,-33.68267701,0.415346439,-0.991556329
TLSY.TA,LSTM,4337881.197,1792.556585,-5.622892892,0.103312767,-0.954927032
TMIS.TA,GRU,49911.39554,168.3359587,-1.190506639,0.165804126,-0.995768041
TMRP.TA,LSTM,103751.0556,259.0548552,-1.367770769,0.120473498,-0.991737147
TNDO.TA,LSTM,12751.52752,90.70517654,-4.915745213,0.244006452,-0.993261967
TNPV.TA,LSTM,4532.898271,41.02970512,0.883680213,0.524838252,-0.988931115
TOEN.TA,LSTM,5019.372633,57.63509015,0.190266376,0.036378468,-0.998145617
TOPS.TA,LSTM,7535.540651,74.09659682,-0.251761908,0.08268714,-0.996846409
TRA.TA,LSTM,211.9544199,11.08083748,-5.924326499,0.362887282,-0.992788588
TRAN.TA,LSTM,790.5955032,22.44033872,-9.657616461,0.234694605,-0.995026668
TRLT.TA,GRU,11.80163556,2.582898104,0.984283792,0.003941111,-0.999941845
TRPZ.TA,LSTM,7182.220407,70.22556948,0.45430196,0.038998033,-0.99779966
TRX.TA,LSTM,8862.043374,80.12300569,-1.366130399,0.196324757,-0.994464816
TSEM.TA,LSTM,4693017.798,1791.735812,-1.979951113,0.10647276,-0.954800235
TSG.TA,GRU,3.054567671,1.467809041,-4.276614003,0.008920141,-0.999950309
TTAM.TA,LSTM,101.2725688,8.113254206,0.964576573,0.013911159,-0.999752758
TURB.TA,LSTM,10417.05393,68.60334376,0.314737101,0.094000062,-0.996754367
TUZA.TA,LSTM,9.930619822,1.734212302,-0.408105476,0.046761851,-0.99924997
UMH.TA,LSTM,22737600.25,4600.961084,-29.0071794,0.71550705,-0.871778666
UNCT.TA,GRU,17869949.45,2559.762121,-810208.5594,466.3149214,1.063837977
UNIT.TA,LSTM,374975.2334,485.8194585,-0.680074421,0.154258841,-0.985685684
UNTC.TA,LSTM,4697.991665,49.10532547,-0.581986833,12.98807828,-0.743612518
UPSL.TA,LSTM,69254.154,183.0628838,-87.90920214,3.174841952,-0.933065042
UTRN.TA,GRU,60.58536548,6.690258184,0.779964882,0.017734855,-0.999817586
VCTR.TA,LSTM,54511.16801,172.622499,0.855239818,0.036637686,-0.995435188
VILR.TA,LSTM,112943.5031,259.9304179,0.886528991,0.01664878,-0.993766188
VISN.TA,GRU,737570.9655,530.9680474,0.728467984,10.42051589,-0.965251308
VRDS.TA,LSTM,63185.77425,217.8365282,-0.853542409,0.095566498,-0.9932066
VTNA.TA,GRU,14758.50216,103.7272213,0.781954587,0.047190142,-0.997519792
WATR.TA,LSTM,4740.224989,62.75050872,-19.4639359,1.017399388,-0.978642834
WESR.TA,LSTM,4661.170833,56.48848789,0.487710053,0.150453412,-0.99593034
WILC.TA,XGBoost,2.002676178,1.158514903,0.950880208,2.97244617,-0.999895471
WILK.TA,LSTM,341.5788482,17.94759845,-10.2649468,0.403426944,-0.99181076
WLFD.TA,LSTM,12753.88861,93.07051496,0.848260832,0.048272327,-0.997082163
WNBZ.TA,LSTM,12.49288442,2.872917927,-1.857339561,0.142491182,-0.997333982
XTLB.TA,XGBoost,0.0000694,0.006469711,0.901929509,7.59256493,-0.999911443
YAAC.TA,LSTM,1.631444824,0.937261597,0.535721071,0.024561562,-0.99970953
YBOX.TA,LSTM,10.38695896,2.577470113,0.910379151,0.03152424,-0.999535844
YBRD.TA,LSTM,283956.3095,438.2591011,0.212531216,6.814937021,-0.85582991
YHNF.TA,LightGBM,389658.7883,358.0116317,0.9474718,1.681135272,-0.989415527
ZMH.TA,LightGBM,2074.19562,34.50968985,0.985146471,1.152230033,-0.998944921
ZNKL.TA,LSTM,865342.3108,897.8208881,-9.421348192,0.240470118,-0.974158304
ZOOZ.TA,GRU,4942.290693,59.64872301,0.743490336,0.067151167,-0.998492885
ZPRS.TA,LSTM,14092.39532,94.4036553,0.007982448,0.076226576,-0.996496964
ZUR.TA,LSTM,1866.556776,37.86795143,0.719979208,0.059388553,-0.998159519
